Año,Mes,Producto,Export FOB (miles),Toneladas
2001,1,Atún,5156.47,1408.573
2001,1,Banano,21048.466999999997,90784.178
2001,1,Cacao,985.81,1246.659
2001,1,Café Industrializado,4.108,0.62
2001,1,Café Natural,114.731,155.25
2001,1,Camarones,11873.891,1517.4940000000001
2001,1,Elaborados De Cacao,688.158,452.03700000000003
2001,1,Pescado,1567.6770000000001,606.451
2001,1,Plátano,1287.643,5936.005
2001,2,Atún,4583.348,1313.522
2001,2,Banano,21017.615,90774.134
2001,2,Cacao,1197.586,1287.954
2001,2,Café Industrializado,27.816,14.371
2001,2,Café Natural,324.178,465.75
2001,2,Camarones,12059.251,1556.894
2001,2,Elaborados De Cacao,652.49,372.844
2001,2,Pescado,2116.906,1019.6899999999999
2001,2,Plátano,1212.699,5578.791
2001,3,Atún,4646.032999999999,1358.4230000000002
2001,3,Banano,24073.192,103382.545
2001,3,Cacao,1888.263,1865.829
2001,3,Café Industrializado,81.01299999999999,39.797
2001,3,Café Natural,399.986,500.25
2001,3,Camarones,21278.452,2975.187
2001,3,Elaborados De Cacao,1471.318,746.053
2001,3,Pescado,1322.748,705.628
2001,3,Plátano,1680.176,7864.004
2001,4,Atún,3404.3199999999997,918.443
2001,4,Banano,18599.395,79932.511
2001,4,Cacao,2806.088,2966.448
2001,4,Café Industrializado,43.657000000000004,20.282
2001,4,Café Natural,600.544,915.0
2001,4,Camarones,24187.668999999998,3450.8680000000004
2001,4,Elaborados De Cacao,1881.33,1139.499
2001,4,Otros Alimenticios,0.136,0.149
2001,4,Pescado,2092.503,938.077
2001,4,Plátano,1285.003,5978.493
2001,5,Atún,2719.499,682.4100000000001
2001,5,Banano,19256.760000000002,82863.327
2001,5,Cacao,1507.893,1715.685
2001,5,Café Industrializado,48.836999999999996,15.15
2001,5,Café Natural,768.967,950.5
2001,5,Camarones,27002.755999999998,4051.554
2001,5,Elaborados De Cacao,817.572,469.648
2001,5,Pescado,1075.552,439.19399999999996
2001,5,Plátano,924.013,4311.501
2001,6,Atún,3229.2999999999997,847.207
2001,6,Banano,16303.239,69885.44900000001
2001,6,Cacao,1364.513,1555.743
2001,6,Café Industrializado,42.997,14.79
2001,6,Café Natural,211.563,294.975
2001,6,Camarones,16069.996000000001,2470.207
2001,6,Elaborados De Cacao,895.047,534.946
2001,6,Pescado,1284.569,373.44599999999997
2001,6,Plátano,912.267,4252.685
2001,7,Atún,2973.5679999999998,1257.676
2001,7,Banano,20452.751,87899.854
2001,7,Cacao,1406.875,1630.47
2001,7,Café Industrializado,68.077,13.55
2001,7,Café Natural,786.216,1018.35
2001,7,Camarones,11040.082,1768.6580000000001
2001,7,Elaborados De Cacao,595.062,358.033
2001,7,Pescado,2075.24,1607.456
2001,7,Plátano,737.983,3473.801
2001,8,Atún,2268.085,562.538
2001,8,Banano,17791.587000000003,76402.61200000001
2001,8,Cacao,1523.913,1701.467
2001,8,Café Industrializado,2.814,0.991
2001,8,Café Natural,1240.87,1776.75
2001,8,Camarones,12883.623,1958.702
2001,8,Elaborados De Cacao,881.186,544.282
2001,8,Pescado,1333.4479999999999,416.9429999999999
2001,8,Plátano,784.414,3627.41
2001,9,Atún,1802.372,427.90900000000005
2001,9,Banano,15241.426,65392.377
2001,9,Cacao,1021.408,1160.442
2001,9,Café Industrializado,83.83800000000001,34.464
2001,9,Café Natural,1644.465,2742.75
2001,9,Camarones,9728.643,1573.718
2001,9,Elaborados De Cacao,449.83799999999997,312.478
2001,9,Pescado,1649.0849999999998,499.03200000000004
2001,9,Plátano,926.499,4280.059
2001,10,Atún,2235.956,603.2620000000001
2001,10,Banano,15028.751999999999,64240.849
2001,10,Cacao,1454.5,1468.665
2001,10,Café Industrializado,105.048,13.562000000000001
2001,10,Café Natural,867.841,1867.536
2001,10,Camarones,8696.26,1359.756
2001,10,Elaborados De Cacao,668.947,425.80199999999996
2001,10,Pescado,1936.0049999999999,502.595
2001,10,Plátano,820.628,3801.971
2001,11,Atún,2258.0860000000002,535.367
2001,11,Banano,17778.448,76401.31499999999
2001,11,Cacao,2510.112,2455.848
2001,11,Café Industrializado,141.229,27.341
2001,11,Café Natural,761.064,1774.517
2001,11,Camarones,7645.237,1325.761
2001,11,Elaborados De Cacao,1155.297,739.9309999999999
2001,11,Pescado,1525.5330000000001,420.53999999999996
2001,11,Plátano,1001.731,4447.987
2001,12,Atún,4573.607,1080.559
2001,12,Banano,18424.535,78539.701
2001,12,Cacao,1492.692,1235.573
2001,12,Café Industrializado,171.762,27.481
2001,12,Café Natural,244.055,1471.425
2001,12,Camarones,8327.688999999998,1543.082
2001,12,Elaborados De Cacao,775.274,415.76
2001,12,Pescado,1274.967,338.849
2001,12,Plátano,974.093,3913.987
2002,1,Atún,6815.506,1640.155
2002,1,Banano,17264.602,76791.10399999999
2002,1,Cacao,1260.941,1015.473
2002,1,Café Industrializado,106.608,14.0
2002,1,Café Natural,118.786,399.51
2002,1,Camarones,9850.757,1630.587
2002,1,Elaborados De Cacao,804.625,440.12
2002,1,Pescado,2288.614,724.49
2002,1,Plátano,1430.161,5724.507
2002,2,Atún,4561.135,1125.755
2002,2,Banano,19445.374,90118.15699999999
2002,2,Cacao,1620.049,1225.578
2002,2,Café Industrializado,73.16199999999999,14.704
2002,2,Café Natural,86.554,298.08
2002,2,Camarones,11153.866000000002,1668.9869999999999
2002,2,Elaborados De Cacao,516.849,276.434
2002,2,Pescado,3164.447,1038.527
2002,2,Plátano,1265.129,5130.927
2002,3,Atún,4113.491,1075.391
2002,3,Banano,25583.782,113539.134
2002,3,Cacao,4116.047,2913.87
2002,3,Café Industrializado,112.992,27.400000000000002
2002,3,Café Natural,57.055,143.865
2002,3,Camarones,19300.772,3024.466
2002,3,Elaborados De Cacao,320.315,165.712
2002,3,Pescado,3377.625,968.186
2002,3,Plátano,1644.861,6716.833
2002,4,Atún,2838.53,732.884
2002,4,Banano,19382.558,87110.843
2002,4,Cacao,6346.384,4507.08
2002,4,Café Industrializado,66.527,14.14
2002,4,Café Natural,53.224,103.5
2002,4,Camarones,16937.156000000003,2801.34
2002,4,Elaborados De Cacao,393.026,178.609
2002,4,Pescado,2823.628,822.5790000000001
2002,4,Plátano,1666.137,6807.258
2002,5,Atún,3377.3819999999996,750.266
2002,5,Banano,25580.928,113545.86300000001
2002,5,Cacao,2704.452,1815.918
2002,5,Café Industrializado,0.18,0.01
2002,5,Café Natural,37.259,103.5
2002,5,Camarones,20395.800000000003,3455.8430000000003
2002,5,Elaborados De Cacao,179.103,88.5
2002,5,Pescado,1973.4319999999998,509.18999999999994
2002,5,Plátano,1904.287,7842.921
2002,6,Atún,3230.059,728.318
2002,6,Banano,22675.932,101188.196
2002,6,Cacao,1857.77,1321.599
2002,6,Café Industrializado,104.852,13.574
2002,6,Café Natural,6.552,17.25
2002,6,Camarones,18732.091,3459.972
2002,6,Elaborados De Cacao,16.966,8.209
2002,6,Pescado,2113.233,575.721
2002,6,Plátano,1428.979,5843.438
2002,7,Atún,2974.715,667.903
2002,7,Banano,22224.545,98041.598
2002,7,Cacao,1620.615,1050.525
2002,7,Café Industrializado,170.96800000000002,27.661
2002,7,Café Natural,118.804,224.25
2002,7,Camarones,12443.234,2344.514
2002,7,Elaborados De Cacao,515.667,240.54100000000003
2002,7,Pescado,1968.7659999999998,694.856
2002,7,Plátano,1259.839,5150.637
2002,8,Atún,3427.857,764.414
2002,8,Banano,18328.834,80972.624
2002,8,Cacao,2140.593,1271.121
2002,8,Café Industrializado,64.234,13.55
2002,8,Café Natural,475.096,769.35
2002,8,Camarones,9835.75,1712.403
2002,8,Elaborados De Cacao,256.248,112.0
2002,8,Pescado,1726.433,635.313
2002,8,Plátano,1121.274,4579.669
2002,9,Atún,3552.771,784.6089999999999
2002,9,Banano,16754.144,74207.117
2002,9,Cacao,1807.412,945.507
2002,9,Café Industrializado,12.398,11.969
2002,9,Café Natural,1416.266,1855.035
2002,9,Camarones,7898.24,1390.4180000000001
2002,9,Elaborados De Cacao,729.871,270.545
2002,9,Pescado,1581.182,489.14900000000006
2002,9,Plátano,1082.013,4408.242
2002,10,Atún,3681.615,819.894
2002,10,Banano,15944.751,68974.516
2002,10,Cacao,1851.709,910.386
2002,10,Café Industrializado,60.402,25.450000000000003
2002,10,Café Natural,1262.179,1735.845
2002,10,Camarones,10667.077,1901.166
2002,10,Elaborados De Cacao,604.943,211.66
2002,10,Pescado,1442.815,447.289
2002,10,Plátano,1365.472,5434.724
2002,11,Atún,3368.378,736.356
2002,11,Banano,16516.085,70796.40000000001
2002,11,Cacao,1905.577,1105.518
2002,11,Café Industrializado,66.538,23.329
2002,11,Café Natural,1188.26,1326.525
2002,11,Camarones,10628.37,1791.261
2002,11,Elaborados De Cacao,302.82300000000004,131.14000000000001
2002,11,Pescado,1213.107,317.939
2002,11,Plátano,988.782,3894.273
2002,12,Atún,3704.609,805.688
2002,12,Banano,20386.8,87157.05600000001
2002,12,Cacao,1967.097,1100.55
2002,12,Café Industrializado,224.023,43.862
2002,12,Café Natural,351.614,384.678
2002,12,Camarones,12012.014999999998,2184.4790000000003
2002,12,Elaborados De Cacao,437.791,171.225
2002,12,Pescado,2753.1530000000002,820.4309999999999
2002,12,Plátano,1132.867,4467.525
2003,1,Atún,4570.491,1054.298
2003,1,Banano,18540.415999999997,76741.494
2003,1,Cacao,3820.613,1843.587
2003,1,Café Industrializado,6.766,5.849
2003,1,Café Natural,51.453,75.9
2003,1,Camarones,14288.151,2470.464
2003,1,Elaborados De Cacao,888.367,190.404
2003,1,Pescado,4521.305,1197.395
2003,1,Plátano,1238.014,5052.062
2003,2,Atún,4555.522,1014.249
2003,2,Banano,22105.718999999997,91594.78
2003,2,Cacao,4824.461,2211.036
2003,2,Café Industrializado,24.518,11.427
2003,2,Café Natural,102.889,138.0
2003,2,Camarones,16736.487,2788.6110000000003
2003,2,Elaborados De Cacao,2760.9770000000003,970.06
2003,2,Pescado,4795.32,1325.695
2003,2,Plátano,1717.825,8039.18
2003,3,Atún,5594.374000000001,1220.644
2003,3,Banano,22053.812,92123.90100000001
2003,3,Cacao,3579.096,1848.096
2003,3,Café Industrializado,0.219,0.234
2003,3,Café Natural,345.852,500.25
2003,3,Camarones,17779.981,2966.015
2003,3,Elaborados De Cacao,992.567,356.83
2003,3,Pescado,4663.259,1251.856
2003,3,Plátano,1411.555,5725.827
2003,4,Atún,5099.454,1092.975
2003,4,Banano,22569.122,99038.537
2003,4,Cacao,3924.247,2156.181
2003,4,Café Industrializado,19.898,28.056
2003,4,Café Natural,41.877,69.0
2003,4,Camarones,20760.902000000002,3470.029
2003,4,Elaborados De Cacao,630.973,238.415
2003,4,Pescado,3372.207,874.861
2003,4,Plátano,1412.245,5740.098
2003,5,Atún,6383.871999999999,1274.958
2003,5,Banano,22058.679,91358.532
2003,5,Cacao,2810.133,1566.024
2003,5,Café Industrializado,341.09400000000005,55.194
2003,5,Camarones,24402.377,4257.423
2003,5,Elaborados De Cacao,368.318,135.46
2003,5,Pescado,2165.233,521.559
2003,5,Plátano,1618.945,6571.089
2003,6,Atún,5671.789000000001,1117.229
2003,6,Banano,20869.612,86701.73300000001
2003,6,Cacao,2258.615,1530.903
2003,6,Café Industrializado,206.737,63.658
2003,6,Café Natural,237.695,419.589
2003,6,Camarones,19061.9,3432.4689999999996
2003,6,Elaborados De Cacao,759.418,396.6
2003,6,Pescado,1769.8899999999999,520.093
2003,6,Plátano,1268.589,5231.199
2003,7,Atún,6137.091,1241.309
2003,7,Banano,19617.378,81050.71900000001
2003,7,Cacao,2153.141,1420.779
2003,7,Café Industrializado,187.332,54.591
2003,7,Café Natural,654.588,780.19
2003,7,Camarones,16543.325,2914.58
2003,7,Elaborados De Cacao,1846.604,801.277
2003,7,Pescado,1544.796,419.496
2003,7,Plátano,1474.17,6031.046
2003,8,Atún,5250.49,1081.612
2003,8,Banano,18362.017,76447.26800000001
2003,8,Cacao,2068.993,1475.772
2003,8,Café Industrializado,337.426,46.319
2003,8,Café Natural,1236.157,1421.4
2003,8,Camarones,12115.175000000001,2064.161
2003,8,Elaborados De Cacao,1168.9080000000001,538.6
2003,8,Pescado,1717.4769999999999,503.728
2003,8,Plátano,1144.31,4633.931
2003,9,Atún,4981.658,1024.4769999999999
2003,9,Banano,17928.169,72306.213
2003,9,Cacao,2708.607,1685.877
2003,9,Café Industrializado,39.799,16.009999999999998
2003,9,Café Natural,1571.674,1680.702
2003,9,Camarones,11204.712,1874.98
2003,9,Elaborados De Cacao,1072.585,381.037
2003,9,Pescado,1660.891,423.44
2003,9,Plátano,992.582,4059.021
2003,10,Atún,3427.7200000000003,708.869
2003,10,Banano,14499.751,54979.204
2003,10,Cacao,2897.701,2011.074
2003,10,Café Industrializado,6.029999999999999,2.076
2003,10,Café Natural,827.05,986.451
2003,10,Camarones,9604.357,1725.2960000000003
2003,10,Elaborados De Cacao,1270.66,460.0
2003,10,Pescado,1188.909,360.915
2003,10,Plátano,1035.975,4237.363
2003,11,Atún,1706.085,365.80600000000004
2003,11,Banano,15212.891000000001,61712.144
2003,11,Cacao,4774.625,3291.897
2003,11,Café Industrializado,7.602,1.658
2003,11,Café Natural,469.906,570.078
2003,11,Camarones,9639.185,1786.055
2003,11,Elaborados De Cacao,1793.393,796.86
2003,11,Pescado,1747.852,410.942
2003,11,Plátano,1073.531,4399.218
2003,12,Atún,2133.38,406.229
2003,12,Banano,12055.458999999999,54525.06
2003,12,Cacao,5786.078,3847.44
2003,12,Café Industrializado,98.876,30.613
2003,12,Café Natural,398.71,436.839
2003,12,Camarones,16146.151,3094.078
2003,12,Elaborados De Cacao,1318.837,607.145
2003,12,Pescado,2248.309,568.408
2003,12,Plátano,1596.306,6519.076
2004,1,Atún,2273.1789999999996,430.728
2004,1,Banano,21587.707000000002,99645.511
2004,1,Cacao,5435.665,3447.876
2004,1,Café Industrializado,5.577,1.443
2004,1,Café Natural,330.411,342.171
2004,1,Camarones,15320.355000000001,3046.337
2004,1,Elaborados De Cacao,1482.472,636.0
2004,1,Pescado,4738.116,1192.966
2004,1,Plátano,1733.974,7061.941
2004,2,Atún,2807.2129999999997,552.162
2004,2,Banano,17747.823,80735.237
2004,2,Cacao,2885.809,1940.243
2004,2,Café Industrializado,103.278,43.161
2004,2,Café Natural,540.674,747.845
2004,2,Camarones,22337.772,4454.504
2004,2,Elaborados De Cacao,567.054,249.29500000000002
2004,2,Pescado,4032.024,1258.2759999999998
2004,2,Plátano,1488.472,6088.161
2004,3,Atún,4345.757,1712.002
2004,3,Banano,14299.299,62785.931
2004,3,Cacao,4000.845,2874.556
2004,3,Café Industrializado,203.443,68.081
2004,3,Café Natural,491.658,603.635
2004,3,Camarones,18463.296000000002,3775.607
2004,3,Elaborados De Cacao,1024.345,402.83
2004,3,Pescado,3055.944,1353.345
2004,3,Plátano,1685.603,6932.64
2004,4,Atún,4423.724999999999,920.533
2004,4,Banano,20603.826999999997,90988.632
2004,4,Cacao,5558.08,4141.518
2004,4,Café Industrializado,758.4399999999999,110.961
2004,4,Café Natural,82.233,116.564
2004,4,Camarones,21478.51,4211.911999999999
2004,4,Elaborados De Cacao,994.169,456.685
2004,4,Pescado,2340.3940000000002,795.279
2004,4,Plátano,1969.251,7864.881
2004,5,Atún,4015.072,762.2579999999999
2004,5,Banano,16105.299,70151.726
2004,5,Cacao,3690.234,2812.371
2004,5,Café Industrializado,79.45700000000001,16.805999999999997
2004,5,Café Natural,91.558,153.28
2004,5,Camarones,11820.38,2349.203
2004,5,Elaborados De Cacao,2160.48,892.121
2004,5,Otros Alimenticios,0.008,0.07
2004,5,Pescado,1667.3740000000003,815.55
2004,5,Plátano,1490.389,5991.282
2004,6,Atún,3098.31,604.5939999999999
2004,6,Banano,20074.361,90210.582
2004,6,Cacao,2192.599,1721.155
2004,6,Café Industrializado,439.526,142.24200000000002
2004,6,Café Natural,216.305,249.228
2004,6,Camarones,15337.033,2882.7670000000003
2004,6,Elaborados De Cacao,1257.5439999999999,549.1750000000001
2004,6,Pescado,1420.263,643.341
2004,6,Plátano,1300.781,5178.611
2004,7,Atún,3377.591,658.4499999999999
2004,7,Banano,22165.232,99548.99799999999
2004,7,Cacao,2224.526,1660.83
2004,7,Café Industrializado,684.013,161.117
2004,7,Café Natural,593.328,556.554
2004,7,Camarones,22302.542,4144.035000000001
2004,7,Elaborados De Cacao,756.245,310.966
2004,7,Pescado,1242.512,388.101
2004,7,Plátano,1440.983,5750.713
2004,8,Atún,3321.3089999999997,657.534
2004,8,Banano,15746.814,70068.346
2004,8,Cacao,3122.147,1980.99
2004,8,Café Industrializado,295.755,90.588
2004,8,Café Natural,1573.729,1473.84
2004,8,Camarones,10978.404,1961.4009999999998
2004,8,Elaborados De Cacao,975.0930000000001,353.734
2004,8,Pescado,1497.658,622.016
2004,8,Plátano,1502.545,6051.987
2004,9,Atún,3427.5080000000003,658.8480000000001
2004,9,Banano,15746.503999999999,69732.588
2004,9,Cacao,2768.442,1833.713
2004,9,Café Industrializado,494.941,191.531
2004,9,Café Natural,1454.838,1348.881
2004,9,Camarones,9228.938,1582.471
2004,9,Elaborados De Cacao,1200.739,326.537
2004,9,Pescado,1227.26,342.33899999999994
2004,9,Plátano,1484.988,5894.779
2004,10,Atún,2729.729,849.5640000000001
2004,10,Banano,14502.587,63300.61
2004,10,Cacao,1754.791,1280.64
2004,10,Café Industrializado,62.638,37.162
2004,10,Café Natural,1264.331,1261.665
2004,10,Camarones,11029.773000000001,2004.182
2004,10,Elaborados De Cacao,1135.9579999999999,328.455
2004,10,Pescado,1062.684,274.909
2004,10,Plátano,1419.797,5697.015
2004,11,Atún,2051.681,401.61
2004,11,Banano,15595.036,69468.936
2004,11,Cacao,2116.069,1555.812
2004,11,Café Industrializado,38.989000000000004,19.132
2004,11,Café Natural,950.352,777.354
2004,11,Camarones,11845.175,2091.2090000000003
2004,11,Elaborados De Cacao,1271.683,443.917
2004,11,Pescado,2012.898,420.45
2004,11,Plátano,1070.134,4307.157
2004,12,Atún,1545.107,288.294
2004,12,Banano,15972.878999999999,70957.95800000001
2004,12,Cacao,3188.68,2121.543
2004,12,Café Industrializado,52.967,45.44
2004,12,Café Natural,1207.182,961.377
2004,12,Camarones,17889.14,3444.286
2004,12,Elaborados De Cacao,1571.893,468.607
2004,12,Pescado,3867.107,933.234
2004,12,Plátano,1900.995,7446.821
2005,1,Atún,4228.355,881.626
2005,1,Banano,17681.641,79419.52
2005,1,Cacao,1700.159,1219.381
2005,1,Café Industrializado,60.59,40.982
2005,1,Café Natural,838.282,479.914
2005,1,Camarones,15419.558,2932.096
2005,1,Elaborados De Cacao,671.294,248.477
2005,1,Pescado,7713.511,1871.7040000000002
2005,1,Plátano,1707.982,6841.512
2005,2,Atún,3980.965,826.908
2005,2,Banano,20106.402000000002,91930.908
2005,2,Cacao,1929.985,1305.963
2005,2,Café Industrializado,106.095,46.296
2005,2,Café Natural,547.442,508.76
2005,2,Camarones,20973.200999999997,3957.563
2005,2,Elaborados De Cacao,929.199,300.634
2005,2,Pescado,6932.313999999999,1843.235
2005,2,Plátano,1849.36,7587.934
2005,3,Atún,4666.594,936.44
2005,3,Banano,17373.475000000002,77964.914
2005,3,Cacao,6371.997,3822.048
2005,3,Café Industrializado,1114.02,91.85300000000001
2005,3,Café Natural,430.32,215.28
2005,3,Camarones,21844.345,4161.4619999999995
2005,3,Elaborados De Cacao,2266.158,689.157
2005,3,Pescado,4648.553,1297.166
2005,3,Plátano,2591.734,10516.261
2005,4,Atún,4114.76,819.254
2005,4,Banano,18404.286,83710.956
2005,4,Cacao,6705.813,4491.22
2005,4,Café Industrializado,203.95999999999998,38.445
2005,4,Café Natural,103.095,118.5
2005,4,Camarones,19256.341,3721.557
2005,4,Elaborados De Cacao,2176.054,645.431
2005,4,Pescado,3331.66,759.478
2005,4,Plátano,1729.294,6903.717
2005,5,Atún,4194.857,837.5880000000001
2005,5,Banano,18858.12,82017.129
2005,5,Cacao,4691.089,3331.803
2005,5,Café Industrializado,130.494,66.96300000000001
2005,5,Camarones,21962.126,4382.429
2005,5,Elaborados De Cacao,1355.2599999999998,404.08099999999996
2005,5,Pescado,2111.294,502.899
2005,5,Plátano,1566.732,6275.784
2005,6,Atún,4915.041,963.598
2005,6,Banano,19475.949,81632.702
2005,6,Cacao,3440.0820000000003,2505.942
2005,6,Café Industrializado,256.977,57.22
2005,6,Café Natural,42.309,18.975
2005,6,Camarones,23763.904000000002,4813.853999999999
2005,6,Elaborados De Cacao,390.327,257.154
2005,6,Pescado,1261.26,421.53700000000003
2005,6,Plátano,1429.922,5597.353
2005,7,Atún,4968.927000000001,972.5649999999999
2005,7,Banano,19931.540999999997,86798.978
2005,7,Cacao,3029.809,2186.472
2005,7,Café Industrializado,205.421,30.36
2005,7,Camarones,21688.137000000002,4190.138
2005,7,Elaborados De Cacao,189.124,144.407
2005,7,Pescado,2269.611,522.893
2005,7,Plátano,1213.516,4772.436
2005,8,Atún,4954.683,997.299
2005,8,Banano,17208.697,74610.955
2005,8,Cacao,3470.319,2581.014
2005,8,Café Industrializado,129.614,28.59
2005,8,Café Natural,663.435,379.5
2005,8,Camarones,15681.246000000001,2964.763
2005,8,Elaborados De Cacao,229.111,63.749
2005,8,Pescado,1572.0110000000002,480.91499999999996
2005,8,Plátano,1489.485,5791.516
2005,9,Atún,4401.418000000001,873.068
2005,9,Banano,21348.246000000003,85562.54699999999
2005,9,Cacao,3315.314,2471.166
2005,9,Café Industrializado,8.196,4.989
2005,9,Café Lavado,195.592,207.0
2005,9,Café Natural,778.003,474.215
2005,9,Camarones,14428.971000000001,2880.938
2005,9,Elaborados De Cacao,73.44099999999999,20.564
2005,9,Pescado,1672.355,487.312
2005,9,Plátano,1542.641,5949.946
2005,10,Atún,4000.1310000000003,793.394
2005,10,Banano,16065.442,65917.831
2005,10,Cacao,2640.4990000000003,2039.916
2005,10,Café Industrializado,2.51,2.427
2005,10,Café Lavado,165.792,207.0
2005,10,Café Natural,940.725,584.45
2005,10,Camarones,15351.851,2794.9109999999996
2005,10,Elaborados De Cacao,192.822,87.166
2005,10,Pescado,2083.669,568.566
2005,10,Plátano,1394.499,5322.979
2005,11,Atún,3848.942,743.719
2005,11,Banano,18530.133,76110.035
2005,11,Cacao,3797.0789999999997,2977.023
2005,11,Café Industrializado,477.257,154.002
2005,11,Café Lavado,441.233,246.675
2005,11,Café Natural,533.059,303.6
2005,11,Camarones,21258.825,4058.07
2005,11,Elaborados De Cacao,647.882,183.254
2005,11,Pescado,2001.7140000000002,499.91299999999995
2005,11,Plátano,1606.394,5916.782
2005,12,Atún,4331.237,826.185
2005,12,Banano,24481.316,89133.712
2005,12,Cacao,2944.898,2181.935
2005,12,Café Industrializado,164.1,139.258
2005,12,Café Lavado,750.556,434.7
2005,12,Camarones,23219.206000000002,4621.822
2005,12,Elaborados De Cacao,301.40999999999997,162.942
2005,12,Pescado,3832.429,1151.124
2005,12,Plátano,1714.796,6046.76
2006,1,Atún,4788.030000000001,921.229
2006,1,Banano,28975.204,80525.284
2006,1,Cacao,3509.495,2436.321
2006,1,Café Industrializado,10.539,13.338
2006,1,Café Lavado,1031.856,483.016
2006,1,Camarones,21432.756999999998,4232.834
2006,1,Elaborados De Cacao,93.022,45.208
2006,1,Pescado,6070.575,1678.653
2006,1,Plátano,4267.097,4883.136
2006,2,Atún,4134.858,789.473
2006,2,Banano,35894.362,93797.258
2006,2,Cacao,2890.012,2026.118
2006,2,Café Industrializado,30.671999999999997,18.004
2006,2,Café Lavado,439.693,192.395
2006,2,Camarones,25863.412,4993.907
2006,2,Elaborados De Cacao,577.042,181.888
2006,2,Pescado,6587.159,1645.644
2006,2,Plátano,4300.733,5573.936
2006,3,Atún,5358.542,1014.924
2006,3,Banano,28650.326,101516.88200000001
2006,3,Cacao,4773.055,3454.14
2006,3,Café Industrializado,40.275999999999996,28.42
2006,3,Café Lavado,263.144,132.825
2006,3,Camarones,34961.632,6536.06
2006,3,Elaborados De Cacao,31.761,13.809000000000001
2006,3,Pescado,5808.479,1414.744
2006,3,Plátano,2060.828,7675.451
2006,4,Atún,5234.293000000001,953.67
2006,4,Banano,26222.403000000002,92780.21
2006,4,Cacao,4358.076,3106.518
2006,4,Café Industrializado,96.328,50.663999999999994
2006,4,Café Lavado,476.601,246.675
2006,4,Camarones,28498.55,5394.6410000000005
2006,4,Elaborados De Cacao,268.598,143.182
2006,4,Pescado,3977.696,1086.676
2006,4,Plátano,1766.211,6787.82
2006,5,Atún,4912.965,944.77
2006,5,Banano,23407.479000000003,95395.255
2006,5,Cacao,1716.565,1205.637
2006,5,Café Industrializado,14.940000000000001,6.352
2006,5,Café Lavado,800.456,401.695
2006,5,Camarones,24040.03,4653.451999999999
2006,5,Elaborados De Cacao,263.522,94.18900000000001
2006,5,Pescado,3859.051,884.295
2006,5,Plátano,1771.839,6789.311
2006,6,Atún,4454.036,853.3729999999999
2006,6,Banano,25967.097,107951.99
2006,6,Cacao,1495.532,1080.609
2006,6,Café Industrializado,12.411,8.936
2006,6,Café Lavado,352.965,212.562
2006,6,Camarones,23125.155,4713.811
2006,6,Elaborados De Cacao,0.459,0.48
2006,6,Pescado,1974.7109999999998,510.553
2006,6,Plátano,2166.457,8272.509
2006,7,Atún,4623.635,1064.943
2006,7,Banano,18477.652000000002,77131.00200000001
2006,7,Cacao,1388.995,930.603
2006,7,Café Industrializado,94.298,49.614000000000004
2006,7,Café Lavado,581.39,342.755
2006,7,Camarones,20478.578,3925.2
2006,7,Elaborados De Cacao,10.765,13.299
2006,7,Pescado,2600.127,594.873
2006,7,Plátano,1235.558,4890.113
2006,8,Atún,4881.42,939.249
2006,8,Banano,19929.785,82092.809
2006,8,Cacao,1663.95,1090.683
2006,8,Café Industrializado,5.198,4.429
2006,8,Café Lavado,1761.22,910.8
2006,8,Camarones,23160.522999999997,4291.462999999999
2006,8,Elaborados De Cacao,89.55199999999999,51.997
2006,8,Pescado,1967.5439999999999,579.653
2006,8,Plátano,1307.474,4803.821
2006,9,Atún,5098.735,1054.427
2006,9,Banano,23114.527000000002,95647.087
2006,9,Cacao,2215.259,1511.1
2006,9,Café Industrializado,85.881,49.258
2006,9,Café Lavado,2143.018,1089.063
2006,9,Camarones,17072.173000000003,3323.311
2006,9,Elaborados De Cacao,20.511,16.404
2006,9,Pescado,2577.846,578.566
2006,9,Plátano,1823.495,6480.367
2006,10,Atún,4396.304,914.991
2006,10,Banano,18647.641,73721.12299999999
2006,10,Cacao,1722.265,1068.12
2006,10,Café Industrializado,162.65,40.711999999999996
2006,10,Café Lavado,2691.361,1441.269
2006,10,Camarones,18154.443,3752.549
2006,10,Elaborados De Cacao,215.27800000000002,55.358
2006,10,Pescado,3204.8379999999997,858.336
2006,10,Plátano,1510.645,5461.241
2006,11,Atún,4171.035,789.503
2006,11,Banano,19020.870000000003,75950.88900000001
2006,11,Cacao,2917.256,1720.832
2006,11,Café Industrializado,301.841,110.871
2006,11,Café Lavado,2119.808,1060.875
2006,11,Camarones,25900.885,5102.7429999999995
2006,11,Elaborados De Cacao,123.984,40.967
2006,11,Pescado,2682.308,710.2049999999999
2006,11,Plátano,1832.263,6645.788
2006,12,Atún,4345.673,918.138
2006,12,Banano,25965.372,97594.92899999999
2006,12,Cacao,3508.391,1900.536
2006,12,Café Industrializado,57.57,15.39
2006,12,Café Lavado,3763.83,1630.125
2006,12,Camarones,28198.087,5688.385
2006,12,Elaborados De Cacao,213.493,52.31199999999999
2006,12,Pescado,3599.981,852.109
2006,12,Plátano,2352.505,8321.04
2007,1,Atún,5208.276,1297.694
2007,1,Banano,21498.214,88509.446
2007,1,Cacao,3206.416,1435.821
2007,1,Café Industrializado,2.34,1.147
2007,1,Café Lavado,1068.762,455.4
2007,1,Camarones,21960.609,4476.655
2007,1,Elaborados De Cacao,11.408,4.759
2007,1,Pescado,6735.233,1565.0829999999999
2007,1,Plátano,2330.454,8801.397
2007,2,Atún,4817.640000000001,1144.583
2007,2,Banano,21163.699,87141.394
2007,2,Cacao,2916.72,1150.713
2007,2,Café Industrializado,4.68,2.899
2007,2,Café Lavado,537.078,246.675
2007,2,Camarones,30372.869,5966.508
2007,2,Elaborados De Cacao,156.801,37.515
2007,2,Pescado,7995.456000000001,1814.5860000000002
2007,2,Plátano,2017.856,7672.793
2007,3,Atún,5684.706,1255.9900000000002
2007,3,Banano,22497.721,92713.582
2007,3,Cacao,6804.137,2716.875
2007,3,Café Industrializado,155.84199999999998,49.598
2007,3,Café Lavado,285.435,142.025
2007,3,Camarones,22828.441,4740.731
2007,3,Elaborados De Cacao,16.527,4.371
2007,3,Pescado,7365.568,1591.5819999999999
2007,3,Plátano,2301.869,8919.701
2007,4,Atún,9442.749,1882.921
2007,4,Banano,16865.968999999997,69372.606
2007,4,Cacao,10859.027,4387.933
2007,4,Café Industrializado,190.558,68.945
2007,4,Café Lavado,81.157,37.95
2007,4,Camarones,22626.971,4713.903
2007,4,Elaborados De Cacao,39.503,14.86
2007,4,Pescado,8828.805,2013.067
2007,4,Plátano,1540.185,5971.206
2007,5,Atún,5469.875,1146.029
2007,5,Banano,22324.627999999997,91888.175
2007,5,Cacao,5303.934,2341.318
2007,5,Café Industrializado,53.431999999999995,27.580000000000002
2007,5,Café Lavado,564.918,284.625
2007,5,Camarones,21546.688000000002,4753.853
2007,5,Elaborados De Cacao,172.44,27.021
2007,5,Pescado,3957.9709999999995,924.2040000000001
2007,5,Plátano,1717.38,6686.128
2007,6,Atún,4449.512,920.896
2007,6,Banano,21723.041,86447.81999999999
2007,6,Cacao,5038.79,2252.958
2007,6,Café Industrializado,78.974,41.006
2007,6,Café Lavado,827.376,398.475
2007,6,Camarones,21361.14,4545.981
2007,6,Elaborados De Cacao,168.328,31.625999999999998
2007,6,Pescado,4042.896,963.097
2007,6,Plátano,1633.677,6349.498
2007,7,Atún,4303.753,807.023
2007,7,Banano,22010.239,83527.717
2007,7,Cacao,6197.741,2742.599
2007,7,Café Industrializado,28.929,15.646
2007,7,Café Lavado,1305.32,645.15
2007,7,Camarones,19158.531,3708.3790000000004
2007,7,Elaborados De Cacao,12.312000000000001,6.625
2007,7,Pescado,5146.753,1169.497
2007,7,Plátano,1338.477,5179.247
2007,8,Atún,4384.832,863.952
2007,8,Banano,20502.157,75216.58
2007,8,Cacao,3122.575,1451.07
2007,8,Café Industrializado,4.464,2.679
2007,8,Café Lavado,2215.715,1100.55
2007,8,Camarones,19047.984999999997,3724.314
2007,8,Elaborados De Cacao,259.01,48.06
2007,8,Pescado,3102.569,852.302
2007,8,Plátano,1936.098,7298.707
2007,9,Atún,3151.478,512.274
2007,9,Banano,17478.671,63403.429
2007,9,Cacao,1935.253,971.445
2007,9,Café Industrializado,1.972,2.188
2007,9,Café Lavado,2177.011,1022.925
2007,9,Camarones,19035.865,3576.8770000000004
2007,9,Elaborados De Cacao,138.58,42.169
2007,9,Pescado,6194.926,1398.597
2007,9,Plátano,1450.675,5385.587
2007,10,Atún,2141.118,313.78
2007,10,Banano,20788.282,66997.222
2007,10,Cacao,2339.873,1120.629
2007,10,Café Industrializado,15.208,11.254999999999999
2007,10,Café Lavado,1939.448,814.545
2007,10,Camarones,24566.07,4492.705
2007,10,Elaborados De Cacao,63.697,28.433
2007,10,Pescado,6952.0650000000005,1642.1190000000001
2007,10,Plátano,2260.907,6375.749
2007,11,Atún,2293.737,402.305
2007,11,Banano,21380.907000000003,71361.71699999999
2007,11,Cacao,3849.2200000000003,1906.7939999999999
2007,11,Café Industrializado,26.016,13.55
2007,11,Café Lavado,812.731,379.017
2007,11,Camarones,18061.706000000002,3497.555
2007,11,Elaborados De Cacao,31.292,8.423
2007,11,Pescado,5966.29,1392.0130000000001
2007,11,Plátano,2055.925,7738.862
2007,12,Atún,3214.349,589.442
2007,12,Banano,22028.067,72482.649
2007,12,Cacao,6416.852,2999.8320000000003
2007,12,Café Industrializado,32.155,18.255000000000003
2007,12,Café Lavado,447.844,189.75
2007,12,Camarones,26108.137,5224.737
2007,12,Elaborados De Cacao,278.191,78.804
2007,12,Pescado,5482.621,1288.515
2007,12,Plátano,2246.467,8571.819
2008,1,Atún,6612.742,1173.4730000000002
2008,1,Banano,25818.473,87467.25
2008,1,Cacao,4649.684,2091.804
2008,1,Café Industrializado,149.77,48.733
2008,1,Café Lavado,420.467,167.325
2008,1,Camarones,24830.652,4763.947
2008,1,Elaborados De Cacao,2019.307,507.447
2008,1,Pescado,9734.994,1991.447
2008,1,Plátano,2635.538,8807.778
2008,2,Atún,6033.129,1056.823
2008,2,Banano,27968.214,96599.88900000001
2008,2,Cacao,4801.539,1996.284
2008,2,Café Industrializado,11.503,4.582
2008,2,Café Lavado,146.137,56.925
2008,2,Camarones,23970.027,4393.325
2008,2,Elaborados De Cacao,1061.1589999999999,211.513
2008,2,Pescado,9549.921999999999,2050.797
2008,2,Plátano,2538.935,8370.421
2008,3,Atún,4429.7789999999995,816.556
2008,3,Banano,29351.886000000002,95037.68100000001
2008,3,Cacao,6549.247,2497.554
2008,3,Café Industrializado,44.713,16.810000000000002
2008,3,Café Lavado,564.84,208.725
2008,3,Camarones,25192.963,4454.1089999999995
2008,3,Elaborados De Cacao,2235.547,500.53200000000004
2008,3,Pescado,9000.968,1833.949
2008,3,Plátano,1849.225,6275.655
2008,4,Atún,2210.297,372.71099999999996
2008,4,Banano,20212.947,73816.253
2008,4,Cacao,5505.138,2346.897
2008,4,Café Industrializado,27.1,13.55
2008,4,Café Lavado,184.263,75.9
2008,4,Camarones,25449.371000000003,4567.855
2008,4,Elaborados De Cacao,744.491,206.404
2008,4,Pescado,6775.444,1411.098
2008,4,Plátano,2598.292,8271.297
2008,5,Atún,2989.466,374.46000000000004
2008,5,Banano,28163.707000000002,82405.444
2008,5,Cacao,7833.128,2918.356
2008,5,Café Industrializado,42.177,22.881
2008,5,Camarones,36457.865,6321.722
2008,5,Elaborados De Cacao,1593.627,304.27799999999996
2008,5,Pescado,6497.584,1235.634
2008,5,Plátano,3503.63,10892.268
2008,6,Atún,1443.3980000000001,168.03
2008,6,Banano,27238.032,71199.856
2008,6,Cacao,6290.938,2327.978
2008,6,Café Industrializado,0.444,0.019000000000000003
2008,6,Café Lavado,48.191,18.975
2008,6,Café Natural,2.75,0.998
2008,6,Camarones,25053.155000000002,4087.814
2008,6,Elaborados De Cacao,1490.277,352.625
2008,6,Pescado,5046.367,952.72
2008,6,Plátano,1898.033,6207.752
2008,7,Atún,2676.148,332.95099999999996
2008,7,Banano,21988.407000000003,62075.426
2008,7,Cacao,6926.31,2297.792
2008,7,Café Industrializado,37.846000000000004,14.644
2008,7,Café Lavado,483.761,182.85
2008,7,Camarones,28735.083000000002,4558.735
2008,7,Elaborados De Cacao,1298.724,244.532
2008,7,Pescado,5767.727,997.455
2008,7,Plátano,2615.299,8278.703
2008,8,Atún,3429.673,417.128
2008,8,Banano,23250.196,68546.569
2008,8,Cacao,7069.513,2677.131
2008,8,Café Industrializado,8.971,2.19
2008,8,Café Lavado,460.085,182.85
2008,8,Camarones,23446.2,3613.652
2008,8,Elaborados De Cacao,2345.136,452.958
2008,8,Pescado,6180.875,1109.328
2008,8,Plátano,3017.294,8432.648
2008,9,Atún,1851.9279999999999,230.55399999999997
2008,9,Banano,15744.833999999999,45453.896
2008,9,Cacao,6376.532,2431.698
2008,9,Café Industrializado,176.554,43.533
2008,9,Café Lavado,821.611,341.55
2008,9,Camarones,15720.594000000001,2494.202
2008,9,Elaborados De Cacao,1124.519,159.877
2008,9,Pescado,6174.933,1221.097
2008,9,Plátano,2288.649,6297.255
2008,10,Atún,2279.68,313.108
2008,10,Banano,19368.614999999998,60165.323000000004
2008,10,Cacao,8094.302,3374.687
2008,10,Café Industrializado,89.10900000000001,21.843
2008,10,Café Lavado,1088.079,455.4
2008,10,Camarones,12552.299,2074.275
2008,10,Elaborados De Cacao,2188.112,366.93
2008,10,Pescado,6262.197,1265.479
2008,10,Plátano,2498.248,6945.028
2008,11,Atún,2927.647,483.14
2008,11,Banano,21670.222,66907.057
2008,11,Cacao,13595.712,6940.621
2008,11,Café Industrializado,7.703,2.017
2008,11,Café Lavado,710.935,352.05
2008,11,Camarones,21751.303,4290.869
2008,11,Elaborados De Cacao,1569.1400000000003,425.227
2008,11,Pescado,5957.357,1175.757
2008,11,Plátano,2655.077,6487.376
2008,12,Atún,5227.59,721.718
2008,12,Banano,27412.675,88211.313
2008,12,Cacao,10767.076,4906.038
2008,12,Café Industrializado,108.31299999999999,29.089000000000002
2008,12,Café Lavado,340.958,170.775
2008,12,Camarones,25185.068,5213.539
2008,12,Elaborados De Cacao,1396.586,569.962
2008,12,Pescado,6533.646000000001,1349.466
2008,12,Plátano,2791.64,7355.266
2009,1,Atún,6305.505,987.356
2009,1,Banano,36565.412000000004,118035.77299999999
2009,1,Cacao,10322.08,4188.026
2009,1,Café Industrializado,68.075,13.562000000000001
2009,1,Café Lavado,157.013,75.9
2009,1,Camarones,23375.785,4786.582
2009,1,Elaborados De Cacao,1393.291,387.04
2009,1,Pescado,8581.358,1666.8980000000001
2009,1,Plátano,3010.498,9132.687
2009,2,Atún,6701.927,1011.9380000000001
2009,2,Banano,34491.172000000006,103772.296
2009,2,Cacao,10091.705,3898.516
2009,2,Café Industrializado,46.851,15.645000000000001
2009,2,Café Lavado,121.236,56.483
2009,2,Camarones,25391.01,5014.047
2009,2,Elaborados De Cacao,1364.7710000000002,426.726
2009,2,Pescado,7578.220000000001,1443.365
2009,2,Plátano,3204.618,10048.713
2009,3,Atún,4877.182,741.7239999999999
2009,3,Banano,38742.746,108255.30099999999
2009,3,Cacao,11676.042,5144.618
2009,3,Café Industrializado,29.86,13.431000000000001
2009,3,Camarones,30913.334000000003,6013.2570000000005
2009,3,Elaborados De Cacao,132.913,20.455000000000002
2009,3,Pescado,10562.529,1795.617
2009,3,Plátano,4293.114,12197.387
2009,4,Atún,3635.5119999999997,484.111
2009,4,Banano,36639.48,103959.035
2009,4,Cacao,10589.874,4403.515
2009,4,Café Industrializado,77.422,30.613000000000003
2009,4,Café Lavado,71.716,34.5
2009,4,Camarones,28259.126,5514.885
2009,4,Elaborados De Cacao,664.712,228.49800000000002
2009,4,Pescado,8511.433,1492.295
2009,4,Plátano,3220.097,9542.849
2009,5,Atún,2435.0289999999995,275.905
2009,5,Banano,40683.224,116298.846
2009,5,Cacao,5871.433,2780.774
2009,5,Café Industrializado,41.826,17.381
2009,5,Camarones,24045.204,4927.859
2009,5,Elaborados De Cacao,311.191,60.896
2009,5,Pescado,6715.472,1169.25
2009,5,Plátano,3700.83,11141.608
2009,6,Atún,2607.919,327.702
2009,6,Banano,31119.715,87295.74
2009,6,Cacao,9454.966,4049.075
2009,6,Café Industrializado,33.875,13.55
2009,6,Café Lavado,2.941,0.46
2009,6,Camarones,19640.027000000002,4073.3419999999996
2009,6,Elaborados De Cacao,485.247,115.877
2009,6,Pescado,6626.861,1172.253
2009,6,Plátano,3306.577,9831.372
2009,7,Atún,3487.725,454.33000000000004
2009,7,Banano,42616.259,108576.902
2009,7,Cacao,7881.147,3330.158
2009,7,Café Industrializado,56.17699999999999,20.475
2009,7,Café Lavado,325.943,149.325
2009,7,Camarones,25765.027,4971.688
2009,7,Elaborados De Cacao,808.468,182.03
2009,7,Pescado,6807.373,1235.557
2009,7,Plátano,3201.137,9682.478
2009,8,Atún,5294.147,699.1179999999999
2009,8,Banano,34074.202,87659.43400000001
2009,8,Cacao,11967.426,4540.457
2009,8,Café Industrializado,49.409,14.92
2009,8,Café Lavado,1598.695,651.75
2009,8,Camarones,18999.664999999997,3749.2569999999996
2009,8,Elaborados De Cacao,1216.256,223.31099999999998
2009,8,Pescado,7514.092,1320.245
2009,8,Plátano,3192.153,8612.476
2009,9,Atún,2681.767,335.98400000000004
2009,9,Banano,24380.802,58159.309
2009,9,Cacao,16215.287,6018.03
2009,9,Café Industrializado,42.818999999999996,15.225000000000001
2009,9,Café Lavado,1816.227,798.6
2009,9,Camarones,16237.716,3298.4610000000002
2009,9,Elaborados De Cacao,415.311,93.461
2009,9,Pescado,6843.584000000001,1326.487
2009,9,Plátano,3074.742,8249.024
2009,10,Atún,3134.829,465.635
2009,10,Banano,31892.7,83465.29699999999
2009,10,Cacao,24944.972999999998,8589.223
2009,10,Café Industrializado,19.975,8.141
2009,10,Café Lavado,2469.237,986.625
2009,10,Camarones,19107.079999999998,3935.999
2009,10,Elaborados De Cacao,1388.977,311.933
2009,10,Pescado,6310.4259999999995,1170.091
2009,10,Plátano,3574.734,9901.86
2009,11,Atún,4736.776,838.842
2009,11,Banano,25738.034,68253.293
2009,11,Cacao,22733.538,7725.54
2009,11,Café Industrializado,121.297,17.092
2009,11,Café Lavado,1685.831,649.275
2009,11,Camarones,23071.77,4636.936
2009,11,Elaborados De Cacao,195.476,34.584
2009,11,Pescado,6257.751,1185.9389999999999
2009,11,Plátano,2815.515,7733.952
2009,12,Atún,7825.393,1480.3680000000002
2009,12,Banano,45150.896,116908.937
2009,12,Cacao,21369.602,7143.724
2009,12,Café Industrializado,7.048,4.8709999999999996
2009,12,Café Lavado,738.79,280.548
2009,12,Camarones,32168.09,6450.334
2009,12,Elaborados De Cacao,260.578,42.296
2009,12,Pescado,6811.106,1230.471
2009,12,Plátano,6143.482,15464.454
2010,1,Atún,6550.25367,1166.70591
2010,1,Banano,32220.40346,82891.58343
2010,1,Cacao,15426.36621,5027.823
2010,1,Café Industrializado,6.89654,1.55662
2010,1,Café Lavado,61.38059,19.32
2010,1,Camarones,21727.37672,4161.065070000001
2010,1,Elaborados De Cacao,192.31937,38.77254
2010,1,Pescado,7248.76037,1411.46156
2010,1,Plátano,3286.13748,8848.33825
2010,2,Atún,7750.0796,1262.26978
2010,2,Banano,38785.51199,96215.31692
2010,2,Cacao,6667.30618,2152.122
2010,2,Café Industrializado,11.25868,1.69471
2010,2,Camarones,19765.22005,3876.3401
2010,2,Elaborados De Cacao,349.3672,83.83
2010,2,Pescado,9584.534759999999,1693.39199
2010,2,Plátano,2353.31154,6998.11624
2010,3,Atún,7177.73653,1079.97757
2010,3,Banano,37295.96959,90594.81602
2010,3,Cacao,3200.84697,1175.967
2010,3,Café Industrializado,14.269499999999999,3.0659300000000003
2010,3,Camarones,26154.997119999996,5037.5224
2010,3,Elaborados De Cacao,1491.70998,329.01185
2010,3,Pescado,10565.52323,1889.31626
2010,3,Plátano,3541.8742,9988.24502
2010,4,Atún,3861.8755,636.58101
2010,4,Banano,39567.31502,101352.48586
2010,4,Cacao,2807.97468,1000.569
2010,4,Café Industrializado,10.000309999999999,1.8099999999999998
2010,4,Camarones,29672.78918,5473.06742
2010,4,Elaborados De Cacao,611.97812,147.50139000000001
2010,4,Pescado,8165.08339,1363.38301
2010,4,Plátano,3872.06576,11096.57639
2010,5,Atún,3428.2300099999998,476.79884999999996
2010,5,Banano,36926.57227,91741.43353
2010,5,Cacao,2132.70957,709.4823
2010,5,Café Industrializado,8.11318,1.2939699999999998
2010,5,Camarones,38408.51468,6955.3710200000005
2010,5,Elaborados De Cacao,752.71921,140.64729
2010,5,Pescado,6540.6399,1127.38646
2010,5,Plátano,2526.56319,7450.93288
2010,6,Atún,4570.86976,674.47127
2010,6,Banano,35858.209749999995,84713.86844
2010,6,Cacao,2398.82897,822.25596
2010,6,Café Industrializado,4.60722,0.84
2010,6,Camarones,44638.66513,7610.8048
2010,6,Elaborados De Cacao,390.41366000000005,76.84231
2010,6,Pescado,5762.42089,1000.63046
2010,6,Plátano,2562.70713,7428.01512
2010,7,Atún,4085.96543,664.94355
2010,7,Banano,40626.36993,97228.59203000001
2010,7,Cacao,4100.90352,1321.332
2010,7,Café Industrializado,112.57483,15.1019
2010,7,Café Lavado,1066.93334,334.125
2010,7,Camarones,36390.46931,5871.44275
2010,7,Elaborados De Cacao,921.8703700000001,166.3592
2010,7,Pescado,6224.12536,1420.93457
2010,7,Plátano,2755.5912,7920.22851
2010,8,Atún,4046.03132,534.03827
2010,8,Banano,29923.989429999998,72581.95646
2010,8,Cacao,3621.98633,1205.706
2010,8,Café Industrializado,17.82793,2.7941000000000003
2010,8,Café Lavado,2030.04668,600.45
2010,8,Camarones,24908.295589999998,3917.1667
2010,8,Elaborados De Cacao,588.01824,108.31274
2010,8,Pescado,6748.7247800000005,1328.40578
2010,8,Plátano,2997.16484,7407.1538
2010,9,Atún,2278.6533099999997,287.30339
2010,9,Banano,29478.89271,71712.91939
2010,9,Cacao,4653.80722,1601.23999
2010,9,Café Industrializado,9.74427,4.736149999999999
2010,9,Café Lavado,2026.32864,569.46332
2010,9,Camarones,20835.22977,3472.74678
2010,9,Elaborados De Cacao,500.1788,90.32293
2010,9,Pescado,5857.6682,1051.1345000000001
2010,9,Plátano,2991.55707,7552.94204
2010,10,Atún,1946.38835,243.82441
2010,10,Banano,34016.97281,70114.01105999999
2010,10,Cacao,7774.47335,2634.231
2010,10,Café Industrializado,95.01630999999999,20.496399999999998
2010,10,Café Lavado,2337.86991,678.0
2010,10,Camarones,29152.10444,4411.4549799999995
2010,10,Elaborados De Cacao,764.0542499999999,151.11465
2010,10,Pescado,6617.27401,1162.60964
2010,10,Plátano,2691.32382,7068.85706
2010,11,Atún,2238.6626,324.91001
2010,11,Banano,26319.078319999997,63367.37322
2010,11,Cacao,10542.07989,3497.92039
2010,11,Café Industrializado,296.46705,61.73794000000001
2010,11,Café Lavado,2692.12276,681.75
2010,11,Camarones,30389.31073,4263.379400000001
2010,11,Elaborados De Cacao,344.78555,79.56564
2010,11,Pescado,6998.79768,1426.38047
2010,11,Plátano,2801.86138,7056.14886
2010,12,Atún,5136.75972,682.69447
2010,12,Banano,42476.10776,93433.70852
2010,12,Cacao,17558.82469,6004.81116
2010,12,Café Industrializado,117.964,15.15
2010,12,Café Lavado,2807.00944,684.023
2010,12,Camarones,31205.653700000003,4672.825339999999
2010,12,Elaborados De Cacao,313.07513,68.63548
2010,12,Pescado,7923.48466,1485.31792
2010,12,Plátano,4848.17564,10833.64241
2011,1,Atún,6155.72987,778.6008400000001
2011,1,Banano,42668.69316,101613.9841
2011,1,Cacao,8733.14224,2881.42377
2011,1,Café Industrializado,138.06994,15.716
2011,1,Café Lavado,402.95956,82.05
2011,1,Camarones,30558.927799999998,4353.284790000001
2011,1,Elaborados De Cacao,326.72343,68.32865
2011,1,Pescado,9168.54154,1621.5555000000002
2011,1,Plátano,4172.25901,10883.81179
2011,2,Atún,4403.10682,535.13715
2011,2,Banano,36053.984300000004,83106.67998
2011,2,Cacao,11947.803310000001,3590.0608399999996
2011,2,Café Industrializado,14.33922,1.24038
2011,2,Café Lavado,539.17023,106.8
2011,2,Camarones,30179.4784,4182.71998
2011,2,Elaborados De Cacao,254.84091,41.496030000000005
2011,2,Pescado,9825.2975,1638.0554900000002
2011,2,Plátano,3710.00538,10190.78472
2011,3,Atún,4959.54433,574.3563
2011,3,Banano,35521.28615,85301.47948
2011,3,Cacao,22172.61988,6225.064
2011,3,Café Industrializado,9.58847,0.768
2011,3,Café Lavado,121.07681,22.02
2011,3,Camarones,45501.99889,6359.88819
2011,3,Elaborados De Cacao,1310.8955799999999,250.9152
2011,3,Pescado,11935.46312,2005.75242
2011,3,Plátano,5236.58766,15064.34323
2011,4,Atún,2520.35166,291.74475
2011,4,Banano,38513.2104,93531.4068
2011,4,Cacao,11226.11576,3624.466
2011,4,Café Industrializado,124.78063,16.60619
2011,4,Camarones,45870.951570000005,6784.69803
2011,4,Elaborados De Cacao,978.8732,194.68144
2011,4,Pescado,8304.04556,1324.33023
2011,4,Plátano,5168.95345,14823.52634
2011,5,Atún,2182.1029,238.45562
2011,5,Banano,29364.94461,67812.25754
2011,5,Cacao,13342.86385,4132.94239
2011,5,Café Industrializado,3.84511,0.12
2011,5,Camarones,37364.233499999995,5906.50101
2011,5,Elaborados De Cacao,1057.44841,236.25064999999998
2011,5,Pescado,7601.88059,1149.74142
2011,5,Plátano,4555.93448,13227.03288
2011,6,Atún,2608.92914,277.58047
2011,6,Banano,30433.716399999998,69098.0076
2011,6,Cacao,8895.1241,2929.55848
2011,6,Café Lavado,539.60149,100.05
2011,6,Camarones,44887.11387,6976.70495
2011,6,Elaborados De Cacao,882.4244400000001,192.92475000000002
2011,6,Pescado,8468.95402,1243.09132
2011,6,Plátano,4553.09605,12312.22042
2011,7,Atún,3444.05866,330.27127
2011,7,Banano,30836.21863,70454.83415
2011,7,Cacao,6510.60062,2096.91
2011,7,Café Industrializado,17.67042,4.26
2011,7,Café Lavado,3253.52617,629.901
2011,7,Camarones,53301.56361,7993.24213
2011,7,Elaborados De Cacao,988.46131,250.52718000000002
2011,7,Pescado,7771.20962,1158.00811
2011,7,Plátano,3760.7022,10955.22885
2011,8,Atún,4005.9496799999997,404.38428
2011,8,Banano,28076.3045,64076.312809999996
2011,8,Cacao,22247.50042,7405.97261
2011,8,Café Industrializado,132.30462,15.888
2011,8,Café Lavado,4943.32134,1045.695
2011,8,Camarones,42418.96196,6283.955360000001
2011,8,Elaborados De Cacao,997.26662,224.45749
2011,8,Pescado,8353.07036,1221.75551
2011,8,Plátano,4223.9507,9651.65277
2011,9,Atún,2114.6866600000003,216.14297
2011,9,Banano,30736.5498,68578.45212
2011,9,Cacao,20990.256749999997,6901.01891
2011,9,Café Industrializado,168.53498,17.40365
2011,9,Café Lavado,5811.12756,1048.938
2011,9,Camarones,36857.66869,5302.03931
2011,9,Elaborados De Cacao,233.08478,54.3349
2011,9,Pescado,7326.312739999999,1204.14046
2011,9,Plátano,4039.06148,9989.45463
2011,10,Atún,2088.81962,198.41445
2011,10,Banano,25137.80354,55646.46406
2011,10,Cacao,30808.13121,11319.42446
2011,10,Café Industrializado,122.32,17.53511
2011,10,Café Lavado,2375.4892,511.29
2011,10,Camarones,34693.42532000001,5230.60456
2011,10,Elaborados De Cacao,309.43782,88.13061
2011,10,Pescado,7644.80486,1182.92273
2011,10,Plátano,3548.81975,8715.93303
2011,11,Atún,4778.2065299999995,484.72362
2011,11,Banano,29456.666559999998,63318.74373
2011,11,Cacao,40953.9404,15246.4186
2011,11,Café Industrializado,17.5054,3.6262
2011,11,Café Lavado,2230.35689,479.895
2011,11,Camarones,35096.59036999999,5161.7187300000005
2011,11,Elaborados De Cacao,607.32245,163.79955999999999
2011,11,Pescado,7740.32199,1270.0090599999999
2011,11,Plátano,3573.22964,8252.21556
2011,12,Atún,11571.44903,1047.30408
2011,12,Banano,38548.777,84938.00583
2011,12,Cacao,25856.62549,11165.77355
2011,12,Café Industrializado,14.79458,1.0856400000000002
2011,12,Café Lavado,1856.24521,398.8513
2011,12,Camarones,52437.76576,7731.21946
2011,12,Elaborados De Cacao,745.24995,217.53737
2011,12,Pescado,11537.53567,1699.0087600000002
2011,12,Plátano,3984.84527,10390.97529
2012,1,Atún,10283.896560000001,922.29781
2012,1,Banano,29700.24134,70245.56432
2012,1,Cacao,14758.87828,6886.891
2012,1,Café Industrializado,7.43424,1.57368
2012,1,Café Lavado,258.71595,56.925
2012,1,Camarones,40735.9838,6028.9283
2012,1,Elaborados De Cacao,658.70502,199.8948
2012,1,Pescado,10583.1061,1531.07891
2012,1,Plátano,4096.25168,11282.9911
2012,2,Atún,8428.6928,741.63743
2012,2,Banano,36277.98377,84297.99923
2012,2,Cacao,13312.65807,5837.97599
2012,2,Café Industrializado,120.35021,15.81324
2012,2,Café Lavado,186.64368,37.445
2012,2,Camarones,34261.21703,5272.63966
2012,2,Elaborados De Cacao,940.58635,283.86033
2012,2,Pescado,13121.172199999999,1906.90984
2012,2,Plátano,4347.91102,11921.09555
2012,3,Atún,7585.2027499999995,645.54354
2012,3,Banano,35730.440780000004,82106.25719
2012,3,Cacao,9539.29359,4163.68437
2012,3,Café Industrializado,150.5779,15.98
2012,3,Café Lavado,88.3291,19.32
2012,3,Camarones,51683.66489,7859.03622
2012,3,Elaborados De Cacao,1077.71878,320.00969
2012,3,Pescado,14548.152429999998,1965.5355399999999
2012,3,Plátano,5064.84551,14013.5853
2012,4,Atún,3656.87124,320.51422
2012,4,Banano,26218.63432,57878.73195
2012,4,Cacao,4857.95449,2272.023
2012,4,Café Industrializado,218.23535,22.025
2012,4,Camarones,48555.49736,7484.9475299999995
2012,4,Elaborados De Cacao,253.67320999999998,85.29288
2012,4,Pescado,10717.70465,1390.20618
2012,4,Plátano,4067.96431,11241.43424
2012,5,Atún,4720.33032,356.28248
2012,5,Banano,28309.58138,62104.80718
2012,5,Cacao,4615.761460000001,2120.64588
2012,5,Café Industrializado,20.02,2.98015
2012,5,Café Lavado,79.97664,19.32
2012,5,Camarones,53886.2702,8401.568850000001
2012,5,Elaborados De Cacao,470.45225,139.27486
2012,5,Pescado,10321.73152,1390.55555
2012,5,Plátano,4051.36989,11098.03461
2012,6,Atún,5166.11123,437.82738
2012,6,Banano,30949.79055,65679.39026
2012,6,Cacao,1458.7755,679.854
2012,6,Café Industrializado,0.7210500000000001,0.09992
2012,6,Camarones,52891.37783,8252.368110000001
2012,6,Elaborados De Cacao,157.86882999999997,60.604
2012,6,Pescado,12124.23561,1579.92312
2012,6,Plátano,3657.45873,9841.09557
2012,7,Atún,4880.19623,417.5943
2012,7,Banano,30820.90521,62589.57241
2012,7,Cacao,5216.47287,2438.93196
2012,7,Café Industrializado,2.81328,0.288
2012,7,Camarones,45477.40447,6879.936530000001
2012,7,Elaborados De Cacao,223.34949,49.81924
2012,7,Pescado,11361.487149999999,1476.36623
2012,7,Plátano,3476.99293,9358.17768
2012,8,Atún,5159.51927,442.6019
2012,8,Banano,24201.5828,54951.64383
2012,8,Cacao,8319.9941,3697.12136
2012,8,Café Industrializado,111.32328,30.7911
2012,8,Café Lavado,1164.4234,342.24
2012,8,Camarones,40478.41505999999,6329.74511
2012,8,Elaborados De Cacao,383.92126,132.80374
2012,8,Pescado,10943.75111,1568.74078
2012,8,Plátano,3755.73817,9244.41767
2012,9,Atún,3076.18597,226.62935
2012,9,Banano,15567.08504,36962.047620000005
2012,9,Cacao,14861.337280000002,6041.028
2012,9,Café Industrializado,1.40531,0.14979
2012,9,Café Lavado,1154.1999,342.24
2012,9,Camarones,28062.77657,4415.90619
2012,9,Elaborados De Cacao,281.25115,81.40702999999999
2012,9,Pescado,9670.228650000001,1279.709
2012,9,Plátano,3647.30257,7544.10407
2012,10,Atún,1344.7152,101.00612
2012,10,Banano,17948.47882,42281.20832
2012,10,Cacao,11110.2575,4684.03318
2012,10,Café Industrializado,3.02202,0.072
2012,10,Café Lavado,1241.87976,359.49
2012,10,Camarones,32053.66881,4889.58239
2012,10,Elaborados De Cacao,324.68545,107.35353
2012,10,Pescado,7627.07805,1087.1946599999999
2012,10,Plátano,3064.5707500000003,6914.09848
2012,11,Atún,5778.0742900000005,563.3957399999999
2012,11,Banano,25578.773729999997,60234.994150000006
2012,11,Cacao,13296.847890000001,5561.6499
2012,11,Café Industrializado,151.87552,45.192
2012,11,Café Lavado,1898.67471,564.625
2012,11,Camarones,39041.30963,5839.195830000001
2012,11,Elaborados De Cacao,715.79714,199.3392
2012,11,Pescado,9050.719360000001,1482.8088
2012,11,Plátano,3729.7914100000003,8447.04543
2012,12,Atún,9126.91406,1000.37375
2012,12,Banano,29125.26776,66517.73991999999
2012,12,Cacao,22057.19778,8901.93571
2012,12,Café Industrializado,103.74048,30.80807
2012,12,Café Lavado,1873.99172,565.869
2012,12,Camarones,46945.0336,6965.86763
2012,12,Elaborados De Cacao,563.6844100000001,163.59661
2012,12,Pescado,10984.64018,1717.88724
2012,12,Plátano,4230.94577,9206.781210000001
2013,1,Atún,1905.9620599999998,238.38813
2013,1,Banano,34933.06918,75921.19217
2013,1,Cacao,9593.85893,4209.87889
2013,1,Café Industrializado,14.5001,0.6216
2013,1,Camarones,31205.356709999996,4625.516159
2013,1,Elaborados De Cacao,486.91779,90.58006
2013,1,Pescado,13445.08016,1878.39293
2013,1,Plátano,4595.34059,10737.86485
2013,2,Atún,3395.07724,479.37447
2013,2,Banano,31477.175229999997,65196.63639
2013,2,Cacao,12606.33638,5877.93449
2013,2,Café Industrializado,61.93383,18.912
2013,2,Café Lavado,729.64146,256.68
2013,2,Camarones,42930.78368,5813.32038
2013,2,Elaborados De Cacao,730.24014,182.86433
2013,2,Pescado,14982.16663,2358.25739
2013,2,Plátano,4399.49251,10534.17091
2013,3,Atún,3045.07323,325.76604
2013,3,Banano,31801.70011,67965.35315000001
2013,3,Cacao,10537.96265,5017.22891
2013,3,Café Industrializado,90.68162,8.4068
2013,3,Café Lavado,916.32175,316.71
2013,3,Camarones,54022.622131,6876.72676
2013,3,Elaborados De Cacao,525.97274,113.26192999999999
2013,3,Pescado,14440.53011,2020.06872
2013,3,Plátano,6140.79962,14793.83417
2013,4,Atún,2971.04712,289.83786
2013,4,Banano,30037.75089,63654.845282999995
2013,4,Cacao,9591.658119999998,4499.476900000001
2013,4,Café Industrializado,62.88501,15.4088
2013,4,Café Lavado,565.47118,213.9
2013,4,Camarones,60757.3709,7278.003966
2013,4,Elaborados De Cacao,793.24454,234.77876
2013,4,Pescado,10666.37807,1525.22687
2013,4,Plátano,4391.05954,11035.9839
2013,5,Atún,5236.93899,444.10568
2013,5,Banano,33349.40658,71497.431263
2013,5,Cacao,6094.26312,2677.062
2013,5,Café Industrializado,3.79462,0.14176
2013,5,Camarones,56051.061519999996,7242.84232
2013,5,Elaborados De Cacao,731.99418,200.3844
2013,5,Pescado,10144.50691,1378.17626
2013,5,Plátano,5277.659822,12559.91004
2013,6,Atún,3603.1792600000003,335.61715
2013,6,Banano,33876.30478,74185.19098000001
2013,6,Cacao,5340.48926,2370.21228
2013,6,Café Industrializado,2.15208,0.548
2013,6,Café Lavado,7.06041,0.6458
2013,6,Camarones,45507.30815,5956.18591
2013,6,Elaborados De Cacao,666.66627,141.5021
2013,6,Pescado,8212.78032,1085.72875
2013,6,Plátano,3908.37558,9614.69825
2013,7,Atún,4315.54213,457.72531999999995
2013,7,Banano,30861.451240000002,68266.710187
2013,7,Cacao,6343.22296,2887.82333
2013,7,Café Industrializado,1.70738,0.1824
2013,7,Café Lavado,150.39631,64.04395
2013,7,Camarones,57706.41269,6894.91467
2013,7,Elaborados De Cacao,896.31369,186.98116000000002
2013,7,Pescado,7186.28452,1056.66127
2013,7,Plátano,4190.52566,10096.11064
2013,8,Atún,2747.25421,267.11347
2013,8,Banano,29188.880930000003,63171.468349999996
2013,8,Cacao,8729.895,3742.008
2013,8,Café Industrializado,3.41549,0.1296
2013,8,Café Lavado,801.45167,363.63
2013,8,Camarones,83571.11205,8871.41117
2013,8,Elaborados De Cacao,758.95182,200.43685
2013,8,Pescado,8867.26782,1176.3252400000001
2013,8,Plátano,5382.79062,11595.03094
2013,9,Atún,2811.48468,231.42623
2013,9,Banano,23576.38007,51143.391637
2013,9,Cacao,13751.14915,5454.64244
2013,9,Café Industrializado,161.80017,48.03105
2013,9,Café Lavado,998.11071,483.0
2013,9,Camarones,37183.06356,3812.7036399999997
2013,9,Elaborados De Cacao,1687.49567,371.625142
2013,9,Pescado,5795.664720000001,786.8799
2013,9,Plátano,4735.61945,9828.10802
2013,10,Atún,2809.38666,252.91661
2013,10,Banano,27468.8937,61247.188202
2013,10,Cacao,16158.437390000001,6174.97529
2013,10,Café Industrializado,578.3803899999999,91.01156999999999
2013,10,Café Lavado,1125.35537,521.66885
2013,10,Camarones,37573.67203,3730.781318
2013,10,Elaborados De Cacao,3205.73159,574.67368
2013,10,Pescado,4930.0067500000005,753.08911
2013,10,Plátano,4001.51142,9341.10486
2013,11,Atún,2208.4556900000002,212.18269
2013,11,Banano,25162.434149999997,55570.858508
2013,11,Cacao,27276.18869,10349.403
2013,11,Café Industrializado,373.60478,40.882
2013,11,Café Lavado,1097.02398,540.8397
2013,11,Camarones,46321.98501,4467.569553
2013,11,Elaborados De Cacao,2596.61665,508.3813
2013,11,Pescado,4959.97428,817.4861
2013,11,Plátano,4701.50451,9655.90273
2013,12,Atún,1313.15907,140.40197
2013,12,Banano,32735.64515,73603.077074
2013,12,Cacao,24180.68947,8896.12232
2013,12,Café Industrializado,214.85861,31.886870000000002
2013,12,Café Lavado,734.66649,372.508
2013,12,Camarones,69866.11708,7042.94601
2013,12,Elaborados De Cacao,2554.80816,472.21979
2013,12,Pescado,9857.185660000001,1341.708496
2013,12,Plátano,4158.10974,9165.45778
2014,1,Atún,1313.31495,167.8152
2014,1,Banano,46136.27077,103388.299216
2014,1,Cacao,8242.39137,3098.533
2014,1,Café Industrializado,212.10151000000002,56.35054
2014,1,Café Lavado,812.47515,384.8099
2014,1,Camarones,82280.50796,7987.76685
2014,1,Elaborados De Cacao,2023.9048599999999,332.62402
2014,1,Pescado,10998.49565,1436.02074
2014,1,Plátano,5054.85379,12326.74055
2014,2,Atún,1574.16043,188.52168
2014,2,Banano,30676.45634,67977.15717
2014,2,Cacao,12166.95437,4414.10234
2014,2,Café Industrializado,444.128,64.79473
2014,2,Café Lavado,567.62607,260.383
2014,2,Camarones,63874.91434,5909.28101
2014,2,Elaborados De Cacao,1591.8212999999998,227.00560000000002
2014,2,Pescado,13756.07778,1976.3427
2014,2,Plátano,3608.33068,8698.79401
2014,3,Atún,2328.10417,242.95506
2014,3,Banano,26116.11594,57596.69601
2014,3,Cacao,21629.92005,7588.78036
2014,3,Café Industrializado,947.69141,170.64054
2014,3,Café Lavado,983.22603,379.5
2014,3,Camarones,60452.34446,5809.31526
2014,3,Elaborados De Cacao,2527.80832,372.39399000000003
2014,3,Pescado,13797.35098,1781.92273
2014,3,Plátano,4533.06295,10956.1282
2014,4,Atún,1827.79072,184.33022
2014,4,Banano,27929.45598,62178.087759999995
2014,4,Cacao,15897.874769999999,5473.481339999999
2014,4,Café Industrializado,174.99435,60.87093
2014,4,Café Lavado,1329.61531,360.53518
2014,4,Camarones,60793.68914,6154.57334
2014,4,Elaborados De Cacao,1370.44589,194.2485
2014,4,Pescado,11305.11575,1567.430199
2014,4,Plátano,4566.96699,10857.26855
2014,5,Atún,2228.90475,229.86731
2014,5,Banano,32860.763380000004,72908.9841
2014,5,Cacao,17147.07053,6686.47718
2014,5,Café Industrializado,580.31538,123.63182
2014,5,Café Lavado,76.9177,15.484
2014,5,Camarones,85284.28712000001,9631.1687
2014,5,Elaborados De Cacao,1576.40662,299.82219
2014,5,Pescado,7311.995238,1092.69106
2014,5,Plátano,4829.68333,11313.96025
2014,6,Atún,2635.98992,246.25119
2014,6,Banano,29852.175010000003,66919.208211
2014,6,Cacao,18549.82824,6430.425
2014,6,Café Industrializado,328.88187,33.2368
2014,6,Camarones,72168.03685,8586.29346
2014,6,Elaborados De Cacao,693.50276,113.46604
2014,6,Pescado,7227.33024,910.3373399999999
2014,6,Plátano,3950.38912,9033.574133
2014,7,Atún,2833.72603,251.44115
2014,7,Banano,41846.10292,90984.61583
2014,7,Cacao,12915.80834,4277.228
2014,7,Café Industrializado,581.7595299999999,92.592
2014,7,Camarones,81644.91386,10065.474011999999
2014,7,Elaborados De Cacao,977.5101599999999,175.68155
2014,7,Pescado,7399.62977,974.70718
2014,7,Plátano,5602.51817,12176.32589
2014,8,Atún,3392.50394,343.92467
2014,8,Banano,26165.392249999997,56353.669243
2014,8,Cacao,19811.98825,6339.991999999999
2014,8,Café Industrializado,760.68476,122.4
2014,8,Café Lavado,346.62231,94.875
2014,8,Camarones,59580.25533,6650.1303100000005
2014,8,Elaborados De Cacao,1663.55872,305.08902
2014,8,Pescado,7357.21048,1152.63413
2014,8,Plátano,4848.26106,9522.650739
2014,9,Atún,1187.51566,97.97917
2014,9,Banano,21244.27707,44815.29226
2014,9,Cacao,26822.4877,8560.69799
2014,9,Café Industrializado,1284.45956,189.19146
2014,9,Café Lavado,1773.47973,474.375
2014,9,Camarones,60888.47932,6335.91636
2014,9,Elaborados De Cacao,2108.25582,282.62544
2014,9,Pescado,6874.2712599999995,929.43247
2014,9,Plátano,4510.5526,8478.8124
2014,10,Atún,2130.41725,213.78909000000002
2014,10,Banano,28349.42896,59278.994329999994
2014,10,Cacao,19366.98522,6172.9442
2014,10,Café Industrializado,831.66098,107.72323
2014,10,Café Lavado,1609.25697,396.05
2014,10,Camarones,64107.69761,6756.8955399999995
2014,10,Elaborados De Cacao,1514.48269,268.90081
2014,10,Pescado,6096.57653,1028.31649
2014,10,Plátano,5802.2999,11058.7424
2014,11,Atún,1861.0051499999997,219.53966999999997
2014,11,Banano,26342.75688,54936.404409999996
2014,11,Cacao,23549.91922,8072.34536
2014,11,Café Industrializado,1057.24219,108.99026
2014,11,Café Lavado,1189.26354,303.71139
2014,11,Camarones,56705.36254,6517.47714
2014,11,Elaborados De Cacao,717.3603800000001,106.56163
2014,11,Pescado,8798.408070000001,1091.29846
2014,11,Plátano,5309.82875,10475.03168
2014,12,Atún,2256.2441,231.03489
2014,12,Banano,37233.79111,77700.23216
2014,12,Cacao,43576.147039999996,15297.59981
2014,12,Café Industrializado,381.57032,64.30187000000001
2014,12,Café Lavado,1744.94944,428.241
2014,12,Café Natural,36.5475,11.075
2014,12,Camarones,61277.46502,7923.6403
2014,12,Elaborados De Cacao,1312.74214,198.7285
2014,12,Pescado,16029.941165,1930.69388
2014,12,Plátano,5212.65076,11494.56038
2015,1,Atún,1603.6362700000002,205.8152
2015,1,Banano,40839.99506,87918.074966
2015,1,Cacao,37998.71887,13178.61637
2015,1,Café Industrializado,986.01604,114.26346
2015,1,Café Lavado,1111.1257,298.494
2015,1,Camarones,44975.75674,6125.71725
2015,1,Elaborados De Cacao,330.37167999999997,51.42029
2015,1,Pescado,15743.02511,2000.6304599999999
2015,1,Plátano,4626.04637,10944.66611
2015,2,Atún,2358.8369199999997,260.16281100000003
2015,2,Banano,39851.67205,81425.03989999999
2015,2,Cacao,33180.63236,12123.19673
2015,2,Café Industrializado,722.03861,111.39713
2015,2,Café Lavado,338.82963,97.375
2015,2,Camarones,57139.25609,7557.84588
2015,2,Elaborados De Cacao,987.4881799999999,258.48391000000004
2015,2,Pescado,14324.96519,1756.18167
2015,2,Plátano,4281.59647,10209.30338
2015,3,Atún,3308.41428,312.97258
2015,3,Banano,34006.15638,70002.17315
2015,3,Cacao,37687.25146,13295.09872
2015,3,Café Industrializado,225.59511,32.82296
2015,3,Café Lavado,308.15753,94.875
2015,3,Camarones,50757.06398,6674.769254
2015,3,Elaborados De Cacao,1104.05433,278.98517
2015,3,Pescado,16250.85713,1971.19011
2015,3,Plátano,4320.52096,10330.00337
2015,4,Atún,3630.05252,336.605
2015,4,Banano,34131.57585,71483.600673
2015,4,Cacao,17223.40656,6457.818
2015,4,Café Industrializado,8.54089,0.31557
2015,4,Café Lavado,119.24711,37.95
2015,4,Camarones,47254.98561,6439.78225
2015,4,Elaborados De Cacao,1292.18785,243.88703
2015,4,Pescado,10143.78839,1288.7649700000002
2015,4,Plátano,4699.57066,11370.1247
2015,5,Atún,2281.5026500000004,186.79757
2015,5,Banano,37221.19957,78236.14044599999
2015,5,Cacao,13450.03631,4778.95518
2015,5,Café Industrializado,472.59411,61.2336
2015,5,Café Lavado,61.49346,18.975
2015,5,Camarones,55714.5123,8060.12248
2015,5,Elaborados De Cacao,1368.92516,236.80949999999999
2015,5,Pescado,7447.13699,924.8832
2015,5,Plátano,4049.54268,9633.840214
2015,6,Atún,3804.24336,342.94181
2015,6,Banano,33814.62084,71259.646664
2015,6,Cacao,16758.74517,6390.81009
2015,6,Café Industrializado,781.65106,108.90916
2015,6,Café Lavado,3.2945,1.035
2015,6,Camarones,58283.94827,8526.35951
2015,6,Elaborados De Cacao,1727.89763,304.95242
2015,6,Pescado,9403.1679,1227.84839
2015,6,Plátano,4318.19415,9587.382444
2015,7,Atún,3456.1992200000004,302.56874
2015,7,Banano,43950.42604,93209.997873
2015,7,Cacao,17783.11164,5649.303
2015,7,Café Industrializado,102.42004,16.28182
2015,7,Café Lavado,278.18469,94.875
2015,7,Camarones,52545.77364,7552.13471
2015,7,Elaborados De Cacao,200.90295000000003,32.81208
2015,7,Pescado,7560.24563,1007.38905
2015,7,Plátano,5711.94289,11834.69041
2015,8,Atún,3596.93878,290.37527
2015,8,Banano,31119.00679,65985.109279
2015,8,Cacao,19461.3803,6485.17575
2015,8,Café Lavado,638.09035,189.82875
2015,8,Camarones,44717.923689999996,6360.82968
2015,8,Elaborados De Cacao,777.12206,182.35285
2015,8,Pescado,7352.39647,999.94422
2015,8,Plátano,4225.1807,8796.085719
2015,9,Atún,3140.10608,314.59069
2015,9,Banano,25333.618680000003,52884.182864999995
2015,9,Cacao,18732.45277,6158.034
2015,9,Café Industrializado,6.75002,0.34091
2015,9,Café Lavado,783.02502,207.15
2015,9,Camarones,34323.382920000004,4845.94715
2015,9,Elaborados De Cacao,458.51909,92.52089
2015,9,Pescado,6198.69994,936.38313
2015,9,Plátano,4430.31381,8990.79275
2015,10,Atún,2579.49043,250.68421
2015,10,Banano,31791.20501,66466.181008
2015,10,Cacao,20540.86472,6759.19164
2015,10,Café Industrializado,28.24746,1.73024
2015,10,Café Lavado,1359.54926,379.5
2015,10,Camarones,45986.43773,6126.994155
2015,10,Elaborados De Cacao,444.15166,62.48605
2015,10,Pescado,7134.08825,975.72054
2015,10,Plátano,6040.64205,12000.57629
2015,11,Atún,3358.15322,308.19689
2015,11,Banano,27064.89613,56322.747286
2015,11,Cacao,16533.24745,5217.96541
2015,11,Café Industrializado,387.86112999999995,50.17573
2015,11,Café Lavado,1597.8614,430.33802
2015,11,Camarones,41161.78417,5603.94123
2015,11,Elaborados De Cacao,1327.18779,237.88347
2015,11,Pescado,8195.7112,1101.71717
2015,11,Plátano,4451.75279,9670.940966
2015,12,Atún,2334.7860800000003,259.55044
2015,12,Banano,42710.64281,87362.19690400001
2015,12,Cacao,18632.09927,5806.86085
2015,12,Café Industrializado,891.7107299999999,101.82166
2015,12,Café Lavado,2761.85748,770.35077
2015,12,Camarones,48863.355939999994,6615.963489000001
2015,12,Elaborados De Cacao,1850.78348,375.50207
2015,12,Pescado,11023.571,1321.3306499999999
2015,12,Plátano,4918.07159,11086.36154
2016,1,Atún,3526.96464,363.95844
2016,1,Banano,48557.822389999994,102083.885937
2016,1,Cacao,22330.56205,7453.08957
2016,1,Café Industrializado,73.95546,3.8602
2016,1,Café Lavado,171.59043,18.4384
2016,1,Camarones,41646.424159999995,5830.14921
2016,1,Elaborados De Cacao,2373.20298,553.8165799999999
2016,1,Pescado,12504.52313,1668.31123
2016,1,Plátano,4829.81666,11179.93701
2016,2,Atún,3062.8463300000003,265.53953
2016,2,Banano,42940.67989,90021.706494
2016,2,Cacao,13628.42882,5004.501
2016,2,Café Industrializado,13.42803,0.72858
2016,2,Café Lavado,1464.12998,379.5
2016,2,Camarones,38305.023049999996,5280.82654
2016,2,Elaborados De Cacao,2242.44288,600.56718
2016,2,Pescado,10652.6209,1246.15406
2016,2,Plátano,4647.59497,10825.65813
2016,3,Atún,3019.11415,284.52908
2016,3,Banano,30068.72442,62208.650935
2016,3,Cacao,9420.40239,3263.39274
2016,3,Café Industrializado,8.57171,3.19488
2016,3,Café Lavado,1576.09574,391.023
2016,3,Camarones,31324.145230000002,4271.52451
2016,3,Elaborados De Cacao,2685.457,665.48195
2016,3,Pescado,11156.56082,1497.39966
2016,3,Plátano,5412.88657,12525.10485
2016,4,Atún,2540.01399,236.86286
2016,4,Banano,33265.02357,68747.651629
2016,4,Cacao,8660.0971,2971.216
2016,4,Café Industrializado,35.01923,1.89078
2016,4,Café Lavado,1287.67379,342.01
2016,4,Camarones,40207.66288,5686.52077
2016,4,Elaborados De Cacao,1870.7514899999999,458.99953999999997
2016,4,Pescado,6061.33139,825.43827
2016,4,Plátano,5642.310201,12843.65939
2016,5,Atún,3376.33417,277.82078
2016,5,Banano,31310.16688,64784.219883
2016,5,Cacao,9465.00679,3196.49944
2016,5,Café Industrializado,12.40739,1.45559
2016,5,Café Lavado,317.92536,94.875
2016,5,Camarones,43619.161179999996,5977.740833
2016,5,Elaborados De Cacao,1722.8888200000001,395.15532
2016,5,Pescado,8193.44709,1038.438505
2016,5,Plátano,4285.870253,10051.79947
2016,6,Atún,4107.83011,352.02092
2016,6,Banano,34416.51969,71769.761136
2016,6,Cacao,10429.05976,3521.02923
2016,6,Café Industrializado,51.97515,3.52521
2016,6,Café Lavado,62.74843,18.975
2016,6,Camarones,55169.09167,7400.8255850000005
2016,6,Elaborados De Cacao,1466.12683,314.48562999999996
2016,6,Pescado,9762.814320000001,1195.845428
2016,6,Plátano,4385.084531,10263.24026
2016,7,Atún,4500.4914100000005,349.15432
2016,7,Banano,42168.19593,86725.722811
2016,7,Cacao,11129.58113,3750.25266
2016,7,Café Industrializado,64.17244000000001,6.11721
2016,7,Café Lavado,335.73578,96.715
2016,7,Camarones,56876.79199,6897.093287000001
2016,7,Elaborados De Cacao,960.6375999999999,202.46007
2016,7,Pescado,10765.50165,1393.50839
2016,7,Plátano,5451.610302,11010.55602
2016,8,Atún,3464.875316,306.72812999999996
2016,8,Banano,29268.88309,61020.14452
2016,8,Cacao,7966.14241,2699.536
2016,8,Café Industrializado,15.41674,4.84143
2016,8,Café Lavado,585.652,189.75
2016,8,Camarones,44536.92833,5377.737465
2016,8,Elaborados De Cacao,2699.2705800000003,505.83812
2016,8,Pescado,8114.0936839999995,1010.60239
2016,8,Plátano,3836.71706,8151.41494
2016,9,Atún,2855.50227,261.016912
2016,9,Banano,30196.55129,59083.882770000004
2016,9,Cacao,10261.84546,3533.187
2016,9,Café Industrializado,6.5453,0.501
2016,9,Café Lavado,292.826,94.875
2016,9,Camarones,56157.89054000001,6705.19104
2016,9,Elaborados De Cacao,836.50277,172.03976
2016,9,Pescado,4670.9583,752.199407
2016,9,Plátano,4485.40092,9440.82838
2016,10,Atún,3021.7616900000003,271.15051
2016,10,Banano,25115.89751,50371.89468
2016,10,Cacao,19252.729710000003,6929.692
2016,10,Café Industrializado,187.23342,17.396
2016,10,Café Lavado,3293.70685,868.974
2016,10,Camarones,56659.06781,6746.49587
2016,10,Elaborados De Cacao,1600.2397,327.493147
2016,10,Otros Elaborados Del Mar,3.42,0.192
2016,10,Pescado,5766.33393,798.6369100000001
2016,10,Plátano,4614.94258,9423.01879
2016,11,Atún,2456.07643,190.68247
2016,11,Banano,26614.412946,52393.063577
2016,11,Cacao,19041.323989999997,7472.7694
2016,11,Café Industrializado,12.13732,0.81064
2016,11,Café Lavado,1850.24956,486.864
2016,11,Camarones,40698.52981,4877.322293
2016,11,Elaborados De Cacao,1605.86069,304.82859
2016,11,Pescado,4361.33784,610.97419
2016,11,Plátano,3834.21298,8018.25587
2016,12,Atún,3339.51663,288.22126999999995
2016,12,Banano,39800.60479,78041.52358
2016,12,Cacao,17259.0466,6935.339
2016,12,Café Industrializado,562.07634,81.17011
2016,12,Café Lavado,855.75145,227.677
2016,12,Camarones,44109.53563,5462.547168
2016,12,Elaborados De Cacao,2647.42819,512.47385
2016,12,Pescado,5761.5432,641.31723
2016,12,Plátano,5152.82599,10980.20976
2017,1,Atún,3019.52747,277.73206
2017,1,Banano,43218.07591,83187.39316
2017,1,Cacao,16960.79984,7523.57108
2017,1,Café Industrializado,443.76863,51.83269
2017,1,Café Lavado,834.16162,209.23587
2017,1,Camarones,38523.714349999995,5123.551147
2017,1,Elaborados De Cacao,2346.37354,475.97039
2017,1,Pescado,7143.92028,913.88045
2017,1,Plátano,4720.75454,10351.87088
2017,2,Atún,1852.8174999999999,174.07924
2017,2,Banano,45392.395229999995,81488.84031
2017,2,Cacao,11667.71697,5805.55232
2017,2,Café Industrializado,63.17837,8.938279999999999
2017,2,Café Lavado,669.31656,189.75
2017,2,Camarones,44391.21205,5699.817782
2017,2,Elaborados De Cacao,1688.89912,354.087123
2017,2,Pescado,7954.29415,897.26392
2017,2,Plátano,5424.98538,11903.58268
2017,3,Atún,2227.8328,184.60155
2017,3,Banano,43395.75061,78553.99745
2017,3,Cacao,12465.12128,6270.704
2017,3,Café Industrializado,11.00274,0.97215
2017,3,Café Lavado,771.4827,207.0
2017,3,Camarones,48143.41777,6186.308154
2017,3,Elaborados De Cacao,1873.4669499999998,349.66063
2017,3,Pescado,8503.181,920.2069
2017,3,Plátano,5728.7145,12674.23336
2017,4,Atún,2331.27664,191.46249999999998
2017,4,Banano,41224.77811,68827.80082
2017,4,Cacao,10129.65608,5189.78458
2017,4,Café Industrializado,18.80264,1.77412
2017,4,Café Lavado,2279.85953,569.25
2017,4,Camarones,52946.544559999995,6827.650161
2017,4,Elaborados De Cacao,414.83371,106.45863
2017,4,Pescado,7034.51767,721.23645
2017,4,Plátano,4557.43294,9804.76065
2017,5,Atún,3295.9883,363.72344
2017,5,Banano,50842.22139,86136.01359
2017,5,Cacao,8153.11973,4340.38718
2017,5,Café Industrializado,1.65105,0.0312
2017,5,Café Natural,0.34,0.02
2017,5,Camarones,56171.02281,7073.31422
2017,5,Elaborados De Cacao,423.31338800000003,93.57251000000001
2017,5,Pescado,6442.82119,828.529
2017,5,Plátano,4076.32643,8744.9728
2017,6,Atún,3415.96057,269.08282
2017,6,Banano,49340.58032,93588.57413
2017,6,Cacao,8558.31251,4335.49218
2017,6,Café Industrializado,61.766059999999996,19.3145
2017,6,Café Lavado,9.05912,0.798
2017,6,Camarones,58667.1089,7363.717779
2017,6,Elaborados De Cacao,825.9467099999999,161.83069
2017,6,Pescado,7857.08668,818.3641200000001
2017,6,Plátano,4982.6925,11125.09685
2017,7,Atún,4174.91742,368.34726
2017,7,Banano,34157.192633,63192.04955
2017,7,Cacao,12120.16881,6284.033
2017,7,Café Industrializado,23.34949,1.9072799999999999
2017,7,Café Lavado,1694.91268,402.3804
2017,7,Café Natural,0.74992,0.13636
2017,7,Camarones,51109.96108,6548.948618
2017,7,Elaborados De Cacao,875.46331,190.75193000000002
2017,7,Pescado,8759.10444,989.8730599999999
2017,7,Plátano,3448.91574,7450.01113
2017,8,Atún,3897.49406,370.93239
2017,8,Banano,23559.68291,47059.30863
2017,8,Cacao,13195.27981,6742.366
2017,8,Café Industrializado,6.0898900000000005,0.2645
2017,8,Camarones,39941.46181,4991.215795
2017,8,Elaborados De Cacao,745.0029000000001,155.81381199999998
2017,8,Pescado,5311.95224,821.02254
2017,8,Plátano,3162.57822,6276.76081
2017,9,Atún,2529.93786,229.91015
2017,9,Banano,19332.75329,37797.40068
2017,9,Cacao,5364.27449,2749.191
2017,9,Café Industrializado,165.2919,20.05231
2017,9,Café Natural,36.50818,2.07
2017,9,Camarones,43942.678199999995,5561.644831
2017,9,Elaborados De Cacao,1002.00293,199.24578
2017,9,Pescado,7388.85826,878.7253000000001
2017,9,Plátano,4891.83168,8138.93061
2017,10,Atún,2936.03431,287.70355
2017,10,Banano,18171.108699,35397.7335
2017,10,Cacao,6303.98441,3162.674
2017,10,Café Industrializado,10.34328,2.6585
2017,10,Café Natural,0.00527,0.000254
2017,10,Camarones,46657.85749,5999.584559000001
2017,10,Elaborados De Cacao,1250.82652,214.594051
2017,10,Pescado,4282.621230000001,738.85307
2017,10,Plátano,3907.32277,6896.49985
2017,11,Atún,2440.97822,217.62788
2017,11,Banano,28417.567541,51649.30796
2017,11,Cacao,4753.61278,2272.106
2017,11,Café Industrializado,371.05905,50.406025
2017,11,Café Lavado,153.3575,22.77
2017,11,Café Natural,139.1205,16.67593
2017,11,Camarones,36326.39766,4548.913988
2017,11,Elaborados De Cacao,945.3609,158.213612
2017,11,Pescado,10770.40996,1184.52206
2017,11,Plátano,4493.82472,7929.33581
2017,12,Atún,2716.97322,295.27212
2017,12,Banano,41784.251986,71271.34526999999
2017,12,Cacao,5601.7217,2659.241
2017,12,Café Industrializado,82.2705,16.93995
2017,12,Café Lavado,530.62961,55.88732
2017,12,Café Natural,5.1142,0.8577
2017,12,Camarones,51983.21832,6830.886849
2017,12,Elaborados De Cacao,1135.6158300000002,184.940811
2017,12,Pescado,13922.69189,1534.97708
2017,12,Plátano,5890.3616,9986.80799
2018,1,Atún,4181.58574,446.24555000000004
2018,1,Banano,45141.8798,78282.05063
2018,1,Cacao,3566.18758,1646.416
2018,1,Café Industrializado,7.7449200000000005,0.3587
2018,1,Camarones,48378.4535,6776.044109
2018,1,Elaborados De Cacao,600.29655,99.90602
2018,1,Pescado,15511.98596,1583.76327
2018,1,Plátano,5095.87229,10246.3366
2018,2,Atún,3468.40511,407.69636
2018,2,Banano,34592.31444,63347.65319
2018,2,Cacao,4020.5035599999997,1930.57044
2018,2,Café Industrializado,3.19987,0.069974
2018,2,Camarones,38114.76943,5291.40949
2018,2,Elaborados De Cacao,681.31297,129.735586
2018,2,Pescado,15506.03614,1639.20805
2018,2,Plátano,5613.480002,11827.55302
2018,3,Atún,4055.03319,475.75387
2018,3,Banano,37303.51816,68592.86196
2018,3,Cacao,10008.38522,4188.659
2018,3,Café Industrializado,3.58581,0.07661699999999999
2018,3,Café Lavado,68.23986,7.05443
2018,3,Camarones,42081.40535,5767.49247
2018,3,Elaborados De Cacao,368.74423,79.50231500000001
2018,3,Pescado,21524.03477,2150.72646
2018,3,Plátano,7302.37328,16488.77632
2018,4,Atún,4581.10648,480.09255
2018,4,Banano,39314.59632,64948.22175
2018,4,Cacao,6329.95658,2664.8012900000003
2018,4,Café Industrializado,13.70181,0.75408
2018,4,Café Lavado,77.01512,11.632
2018,4,Camarones,42777.14219,6073.386350000001
2018,4,Elaborados De Cacao,521.14374,86.337738
2018,4,Otros Piscícolas,28.7052,5.21136
2018,4,Pescado,12861.97539,1492.66079
2018,4,Plátano,4563.21776,10712.59814
2018,5,Atún,4684.6439,493.35926
2018,5,Banano,29456.528812999997,54763.286624
2018,5,Cacao,6613.81852,2402.007
2018,5,Café Industrializado,12.58639,1.05285
2018,5,Café Lavado,64.88096,2.16701
2018,5,Camarones,36483.412039999996,5679.548000000001
2018,5,Elaborados De Cacao,428.67034,67.9581
2018,5,Pescado,9820.754710000001,1240.160163
2018,5,Plátano,4218.354955,9946.6704
2018,6,Atún,3994.4444200000003,387.18321
2018,6,Banano,32805.4758,60798.83375
2018,6,Cacao,10060.52948,3735.6568
2018,6,Café Industrializado,12.32436,0.96243
2018,6,Café Lavado,200.50684,12.29066
2018,6,Camarones,36373.30423,5534.54129
2018,6,Elaborados De Cacao,667.79314,141.15846
2018,6,Pescado,8751.84162,1179.03405
2018,6,Plátano,5312.3455,12048.24202
2018,7,Atún,5257.1417,501.28793
2018,7,Banano,38892.01681,73632.07811
2018,7,Cacao,8159.75942,2985.9
2018,7,Café Industrializado,30.43488,5.7333300000000005
2018,7,Café Natural,24.33878,1.84
2018,7,Camarones,47396.47945,6849.70767
2018,7,Elaborados De Cacao,286.06968,74.00224
2018,7,Pescado,11683.88292,1226.85124
2018,7,Plátano,4385.02226,9914.57191
2018,8,Atún,5213.192859999999,527.56852
2018,8,Banano,30309.81251,56334.53132
2018,8,Cacao,9327.910469999999,3831.56482
2018,8,Café Industrializado,24.768159999999998,2.1169700000000002
2018,8,Camarones,56225.871530000004,8714.955
2018,8,Elaborados De Cacao,406.89452,66.28164000000001
2018,8,Pescado,12047.23569,1323.49747
2018,8,Plátano,4228.6392,9419.45962
2018,9,Atún,4482.112709999999,416.18991
2018,9,Banano,20073.987559999998,37464.220910000004
2018,9,Cacao,13628.82504,5705.07618
2018,9,Café Industrializado,29.18517,2.2888900000000003
2018,9,Camarones,45189.72554,6387.722738
2018,9,Elaborados De Cacao,1487.782405,354.7792
2018,9,Pescado,6690.78953,862.64799
2018,9,Plátano,3716.53261,8114.82384
2018,10,Atún,2955.81246,297.91097
2018,10,Banano,19611.96438,36083.478390000004
2018,10,Cacao,18700.08777,8430.749
2018,10,Café Industrializado,40.65936,4.77963
2018,10,Café Lavado,223.12777,21.975
2018,10,Camarones,42042.54486,5918.727782
2018,10,Elaborados De Cacao,2283.2054399999997,590.00846
2018,10,Pescado,5019.42498,710.7937900000001
2018,10,Plátano,4574.92252,8924.59933
2018,11,Atún,2553.53181,229.36522
2018,11,Banano,28102.34601,54625.19176
2018,11,Cacao,21436.2294,9569.956
2018,11,Café Industrializado,24.522930000000002,4.53007
2018,11,Café Lavado,69.66978,8.2973
2018,11,Café Natural,0.18172,0.0236
2018,11,Camarones,35231.51415,5035.473474
2018,11,Elaborados De Cacao,1263.09175,247.93382
2018,11,Pescado,6963.796675,808.58455
2018,11,Plátano,6712.50488,12148.85353
2018,12,Atún,2924.10445,271.52321
2018,12,Banano,29925.36037,57878.73024999999
2018,12,Cacao,10224.42023,4447.425
2018,12,Café Industrializado,22.30798,1.74179
2018,12,Café Lavado,331.02123,51.52923
2018,12,Café Natural,78.29698,8.775
2018,12,Camarones,32942.99461,5001.469957
2018,12,Elaborados De Cacao,2030.72964,536.46931
2018,12,Pescado,7064.3565,922.38336
2018,12,Plátano,4607.436,8847.76753
2019,1,Atún,2964.4011299999997,290.079141
2019,1,Banano,43046.77062,78665.33658999999
2019,1,Cacao,8802.13653,3801.448
2019,1,Café Industrializado,12.11127,0.87984
2019,1,Café Lavado,150.2672,24.012
2019,1,Camarones,35057.37219,5493.9379
2019,1,Elaborados De Cacao,1438.17203,321.81999
2019,1,Otros Piscícolas,7.09504,0.65972
2019,1,Pescado,12814.16209,1515.269827
2019,1,Plátano,5081.29308,11326.34844
2019,2,Atún,5325.90259,588.45777
2019,2,Banano,39086.682250000005,73119.67698
2019,2,Cacao,12604.71895,5475.26865
2019,2,Café Industrializado,42.86857,4.41556
2019,2,Camarones,35666.95717,5561.488744
2019,2,Elaborados De Cacao,1124.1814200000001,193.05471
2019,2,Otros Piscícolas,13.02658,1.29142
2019,2,Pescado,17282.68553,2600.818589
2019,2,Plátano,5422.23629,11690.72861
2019,3,Atún,5733.8256,573.86153
2019,3,Banano,29199.434800000003,54596.930632
2019,3,Cacao,8880.68413,4023.73509
2019,3,Café Industrializado,37.78961,4.14603
2019,3,Café Lavado,4.71069,0.315
2019,3,Camarones,50297.52743,7707.942213
2019,3,Elaborados De Cacao,1569.08976,301.90515
2019,3,Otros Piscícolas,9.26762,0.91665
2019,3,Pescado,18068.10046,2228.05098
2019,3,Plátano,6627.52166,14694.75149
2019,4,Atún,3879.3206,337.87423
2019,4,Banano,27177.7296,51493.62386
2019,4,Cacao,7471.32502,3307.6768
2019,4,Café Industrializado,0.68736,0.0397
2019,4,Café Lavado,148.22902,6.733
2019,4,Café Natural,2.9865,0.375
2019,4,Camarones,45653.97285,7383.10047
2019,4,Elaborados De Cacao,2458.1354,546.36561
2019,4,Pescado,12760.94473,1524.3642
2019,4,Plátano,5040.6514,11252.1633
2019,5,Atún,4598.34101,417.40036
2019,5,Banano,32511.30314,61093.6247
2019,5,Cacao,4271.35678,1827.6336
2019,5,Café Industrializado,9.53218,0.49568999999999996
2019,5,Café Lavado,137.98282,7.585
2019,5,Café Natural,0.015,0.002
2019,5,Camarones,49075.643118,9549.99266
2019,5,Elaborados De Cacao,1576.6941299999999,423.94679
2019,5,Pescado,11497.67192,1284.7020599999998
2019,5,Plátano,6019.321972,13225.64969
2019,6,Atún,3636.37323,344.49458
2019,6,Banano,31924.50793,60553.81305
2019,6,Cacao,7345.21754,2949.11284
2019,6,Café Industrializado,10.97263,1.12884
2019,6,Café Lavado,0.4836,0.07076
2019,6,Camarones,47848.923370000004,6946.10193
2019,6,Elaborados De Cacao,1338.72057,330.047989
2019,6,Pescado,8676.508310000001,1076.72473
2019,6,Plátano,5763.32659,11543.39287
2019,7,Atún,3732.69777,360.38768
2019,7,Banano,29924.975199999997,56150.982815999996
2019,7,Cacao,8777.20828,3357.4568
2019,7,Café Industrializado,8.84793,0.3738
2019,7,Camarones,49634.46742,7095.038832
2019,7,Elaborados De Cacao,1691.84087,415.60058
2019,7,Pescado,12300.51356,1333.76731
2019,7,Plátano,4548.59838,8713.99241
2019,8,Atún,3211.15681,275.04519
2019,8,Banano,37954.658859999996,69176.69
2019,8,Cacao,9988.970710000001,3909.4896
2019,8,Café Industrializado,15.720600000000001,1.4662000000000002
2019,8,Café Lavado,52.21,10.31715
2019,8,Camarones,50318.93447,7405.929323999999
2019,8,Elaborados De Cacao,2378.99163,595.9074
2019,8,Pescado,12302.50097,1163.843697
2019,8,Plátano,5352.77969,9957.97417
2019,9,Atún,2869.81061,193.87664
2019,9,Banano,24838.78611,43361.64423
2019,9,Cacao,11192.97951,4556.5225
2019,9,Café Industrializado,7.1250599999999995,0.33062
2019,9,Café Lavado,196.61174,37.95
2019,9,Camarones,39457.385850000006,5883.49149
2019,9,Elaborados De Cacao,2848.9800999999998,787.89147
2019,9,Pescado,5419.21339,657.44847
2019,9,Plátano,4902.998161,8590.783558
2019,10,Atún,2681.76977,245.51207000000002
2019,10,Banano,27662.24405,50299.02824
2019,10,Cacao,9525.66633,3567.6956
2019,10,Café Industrializado,5.2698,0.39590000000000003
2019,10,Camarones,36834.46124,5815.019781
2019,10,Elaborados De Cacao,2427.56052,636.192997
2019,10,Pescado,8083.53266,728.57961
2019,10,Plátano,4012.33925,8218.50716
2019,11,Atún,3311.97775,345.42872
2019,11,Banano,31552.09786,60164.24022
2019,11,Cacao,9194.14968,3412.345
2019,11,Café Industrializado,43.64623,3.93334
2019,11,Café Lavado,350.54786,42.476207
2019,11,Camarones,36085.953199999996,5478.9166000000005
2019,11,Elaborados De Cacao,2821.6681799999997,717.43776
2019,11,Pescado,8225.78732,1084.82882
2019,11,Plátano,8463.70067,9964.264481
2019,12,Atún,3460.7696699999997,313.28666000000004
2019,12,Banano,44328.13762,71984.70946
2019,12,Cacao,16066.10488,6102.37858
2019,12,Café Industrializado,12.96557,0.66028
2019,12,Café Lavado,638.06088,78.9165
2019,12,Café Natural,85.54124,10.425
2019,12,Camarones,47744.619265999994,7921.71533
2019,12,Elaborados De Cacao,5082.26716,1270.1216200000001
2019,12,Pescado,9326.0606,1179.93824
2019,12,Plátano,24935.00152,10558.10493
2020,1,Atún,3988.49489,406.75919
2020,1,Banano,55655.08389,94189.20392
2020,1,Cacao,8875.00061,3213.4212
2020,1,Café Industrializado,2.93765,0.85329
2020,1,Camarones,53966.298488,8907.187249999999
2020,1,Elaborados De Cacao,3415.28902,831.56998
2020,1,Pescado,15695.93628,1653.34367
2020,1,Plátano,6541.00985,13692.3992
2020,2,Atún,5884.85303,573.79508
2020,2,Banano,36262.44755,65112.28884
2020,2,Cacao,13322.98955,4708.547100000001
2020,2,Café Industrializado,13.90766,1.4712
2020,2,Café Lavado,2.139,0.06259
2020,2,Camarones,52859.13787,8576.388939
2020,2,Elaborados De Cacao,5425.17132,1311.72631
2020,2,Pescado,19597.78373,1781.531275
2020,2,Plátano,4863.13806,10940.10788
2020,3,Atún,4739.68099,373.35948
2020,3,Banano,65847.34102200001,112306.61257999999
2020,3,Cacao,14718.29633,5383.8444
2020,3,Café Industrializado,28.23,3.3689799999999996
2020,3,Café Lavado,217.71597,13.486
2020,3,Camarones,48165.15789,7654.71823
2020,3,Elaborados De Cacao,3918.21944,970.18903
2020,3,Otros Piscícolas,12.352,1.81837
2020,3,Pescado,19600.89772,1490.97302
2020,3,Plátano,5917.21141,13236.60801
2020,4,Atún,2326.7169,151.6864
2020,4,Banano,58098.95956,97007.95846
2020,4,Cacao,11747.5322,4772.40185
2020,4,Café Industrializado,5.9796,0.315
2020,4,Camarones,22877.26624,3709.63098
2020,4,Elaborados De Cacao,2825.27207,669.79562
2020,4,Pescado,13314.283179999999,948.11102
2020,4,Plátano,5215.90157,11378.90608
2020,5,Atún,2725.92617,233.19304
2020,5,Banano,22932.53406,38027.81257
2020,5,Cacao,13663.69716,5354.37587
2020,5,Café Industrializado,11.47326,0.48752
2020,5,Café Lavado,39.3378,3.179
2020,5,Camarones,54041.75464,8831.97607
2020,5,Elaborados De Cacao,3634.1482600000004,933.0522
2020,5,Pescado,13394.912260000001,1157.01041
2020,5,Plátano,6454.7608,13519.91013
2020,6,Atún,2888.0739,261.34363
2020,6,Banano,60270.7427,96205.26883
2020,6,Cacao,13933.05219,5529.758360000001
2020,6,Café Industrializado,10.45637,0.65536
2020,6,Camarones,77696.10855,12351.71376
2020,6,Elaborados De Cacao,4181.97989,1191.2157599999998
2020,6,Pescado,14660.18296,1575.94996
2020,6,Plátano,5382.74351,10800.82524
2020,7,Atún,3388.34944,199.40217
2020,7,Banano,67991.58777000001,108635.13558999999
2020,7,Cacao,9240.03841,3763.593
2020,7,Café Industrializado,11.42506,1.05051
2020,7,Café Lavado,11.96325,1.085
2020,7,Camarones,95840.00912999999,15292.26222
2020,7,Elaborados De Cacao,3704.58024,1046.18625
2020,7,Pescado,17057.19617,1543.38273
2020,7,Plátano,5781.63032,11639.56526
2020,8,Atún,2254.53242,212.23115
2020,8,Banano,45798.0789,72941.67066
2020,8,Cacao,10853.83078,4423.84367
2020,8,Café Industrializado,42.794180000000004,4.30744
2020,8,Café Lavado,70.38155,17.5825
2020,8,Camarones,93820.59779,15558.470987
2020,8,Elaborados De Cacao,3117.82142,868.81233
2020,8,Pescado,9139.30185,944.3899
2020,8,Plátano,5022.07642,8966.84553
2020,9,Atún,3036.50206,238.83646000000002
2020,9,Banano,25369.09045,42014.291782
2020,9,Cacao,26868.66403,10701.238000000001
2020,9,Café Industrializado,9.73844,0.48287
2020,9,Camarones,75459.66500000001,12008.699217000001
2020,9,Elaborados De Cacao,4415.58489,1289.29324
2020,9,Pescado,10694.209490000001,1020.63711
2020,9,Plátano,5216.5226,9479.49555
2020,10,Atún,4243.52905,370.50881
2020,10,Banano,23449.2287,42707.575584
2020,10,Cacao,20361.83979,7770.726
2020,10,Café Industrializado,25.963589999999996,2.6734600000000004
2020,10,Café Lavado,318.28569,34.0927
2020,10,Camarones,69358.76406,10008.435772
2020,10,Elaborados De Cacao,3134.9429800000003,864.59335
2020,10,Pescado,12136.823569999999,939.952
2020,10,Plátano,5071.4931,10717.80334
2020,11,Atún,3337.08857,261.318064
2020,11,Banano,26652.13974,48644.52059
2020,11,Cacao,21447.14363,8677.352
2020,11,Café Industrializado,17.30792,0.78876
2020,11,Café Lavado,370.29068,51.474
2020,11,Café Natural,5.36525,0.42202
2020,11,Camarones,63894.32461,9280.36923
2020,11,Elaborados De Cacao,2642.8107,683.39529
2020,11,Pescado,13327.31449,1006.82143
2020,11,Plátano,4244.68747,9682.01875
2020,12,Atún,2650.68692,258.52467
2020,12,Banano,38710.04772,71878.28031
2020,12,Cacao,32669.48454,12764.929
2020,12,Café Industrializado,10.04488,0.6718799999999999
2020,12,Café Lavado,814.26813,90.65672
2020,12,Camarones,55167.94227,8806.3447
2020,12,Elaborados De Cacao,3687.03308,1017.1032100000001
2020,12,Pescado,8785.72222,1091.82092
2020,12,Plátano,4698.75393,10700.54337
2021,1,Atún,2259.67211,235.12902
2021,1,Banano,47780.5604,93746.71375
2021,1,Cacao,21564.64006,8600.741
2021,1,Café Industrializado,58.31084,16.14728
2021,1,Café Natural,127.97664,20.47
2021,1,Camarones,65910.40038,11083.38048
2021,1,Elaborados De Cacao,3923.5628500000003,1016.8489599999999
2021,1,Pescado,12206.776,1189.50289
2021,1,Plátano,7524.04908,16410.90745
2021,2,Atún,4148.342140000001,472.30829000000006
2021,2,Banano,34827.130696,62583.51641
2021,2,Cacao,16774.14977,6586.317
2021,2,Café Industrializado,25.1042,2.0025
2021,2,Café Lavado,1.089,0.0449
2021,2,Camarones,76405.97077,12743.490742
2021,2,Elaborados De Cacao,3184.61985,870.0636489999999
2021,2,Otros Piscícolas,9.4185,2.60026
2021,2,Pescado,15901.43513,1803.69535
2021,2,Plátano,5572.58252,12502.8608
2021,3,Atún,3351.9037,359.01648
2021,3,Banano,32304.73558,51795.77652
2021,3,Cacao,28976.30415,11538.12129
2021,3,Café Industrializado,9.60075,1.24061
2021,3,Café Lavado,74.15723,10.35
2021,3,Camarones,88747.26894,14176.37849
2021,3,Elaborados De Cacao,3707.8415099999997,967.0698199999999
2021,3,Pescado,18169.062710000002,2071.34161
2021,3,Plátano,5492.75947,11446.59109
2021,4,Atún,2410.93334,207.22084
2021,4,Banano,39913.19287,67680.05816
2021,4,Cacao,11611.34949,4681.044
2021,4,Café Industrializado,23.36251,1.48119
2021,4,Café Lavado,33.00831,1.3604
2021,4,Camarones,104284.63167999999,16143.45677
2021,4,Elaborados De Cacao,2905.82599,733.5629099999999
2021,4,Pescado,13919.13655,1527.0129
2021,4,Plátano,6382.69728,12931.5151
2021,5,Atún,5090.74227,471.32553
2021,5,Banano,39492.00815,58623.08335
2021,5,Cacao,14512.8911,5904.282999999999
2021,5,Café Industrializado,27.67999,4.05764
2021,5,Café Lavado,36.199960000000004,1.502
2021,5,Camarones,140811.20536999998,20781.96071
2021,5,Elaborados De Cacao,3782.53189,945.12399
2021,5,Pescado,13858.42322,1438.65475
2021,5,Plátano,5759.91165,10670.18822
2021,6,Atún,5112.31286,444.40515000000005
2021,6,Banano,34076.84981,49916.559049999996
2021,6,Cacao,12124.67335,4936.26287
2021,6,Café Industrializado,7.61456,0.6239999999999999
2021,6,Café Lavado,46.08453,2.648
2021,6,Camarones,123574.9055,17153.54592
2021,6,Elaborados De Cacao,1756.4766900000002,414.50335
2021,6,Pescado,15383.24587,1576.44408
2021,6,Plátano,4701.20357,9029.21771
2021,7,Atún,4105.76132,319.924
2021,7,Banano,43533.2443,59107.73115
2021,7,Cacao,12146.86636,5068.104
2021,7,Café Industrializado,5.88874,1.04049
2021,7,Café Lavado,42.61544,3.305
2021,7,Camarones,130565.47779,16597.527008
2021,7,Elaborados De Cacao,2997.32686,823.02582
2021,7,Pescado,11115.305479999999,1335.739041
2021,7,Plátano,5027.90778,9484.91142
2021,8,Atún,3771.40129,272.44878
2021,8,Banano,34371.72348,42074.999302
2021,8,Cacao,17785.009990000002,7143.98
2021,8,Café Industrializado,22.29501,2.46664
2021,8,Café Lavado,199.05342,31.6138
2021,8,Café Natural,8.36646,0.46
2021,8,Camarones,118388.93688,15253.5984
2021,8,Elaborados De Cacao,3948.71773,1010.03203
2021,8,Pescado,9502.40848,1180.604672
2021,8,Plátano,5025.45545,8914.7751
2021,9,Atún,3789.70414,347.09359
2021,9,Banano,23557.08882,34891.55336
2021,9,Cacao,9856.99177,3899.556
2021,9,Café Industrializado,35.42045,3.08979
2021,9,Café Lavado,1.20101,0.062
2021,9,Camarones,101590.23768,12783.35798
2021,9,Elaborados De Cacao,2552.96261,608.95658
2021,9,Pescado,6992.0571899999995,936.520356
2021,9,Plátano,5116.89857,9584.56513
